-- MySQL dump 10.13  Distrib 8.0.44, for Win64 (x86_64)
--
-- Host: localhost    Database: catalog_scolar
-- ------------------------------------------------------
-- Server version	8.0.44

/*!40101 SET @OLD_CHARACTER_SET_CLIENT=@@CHARACTER_SET_CLIENT */;
/*!40101 SET @OLD_CHARACTER_SET_RESULTS=@@CHARACTER_SET_RESULTS */;
/*!40101 SET @OLD_COLLATION_CONNECTION=@@COLLATION_CONNECTION */;
/*!50503 SET NAMES utf8mb4 */;
/*!40103 SET @OLD_TIME_ZONE=@@TIME_ZONE */;
/*!40103 SET TIME_ZONE='+00:00' */;
/*!40014 SET @OLD_UNIQUE_CHECKS=@@UNIQUE_CHECKS, UNIQUE_CHECKS=0 */;
/*!40014 SET @OLD_FOREIGN_KEY_CHECKS=@@FOREIGN_KEY_CHECKS, FOREIGN_KEY_CHECKS=0 */;
/*!40101 SET @OLD_SQL_MODE=@@SQL_MODE, SQL_MODE='NO_AUTO_VALUE_ON_ZERO' */;
/*!40111 SET @OLD_SQL_NOTES=@@SQL_NOTES, SQL_NOTES=0 */;

--
-- Table structure for table `absenta`
--

DROP TABLE IF EXISTS `absenta`;
/*!40101 SET @saved_cs_client     = @@character_set_client */;
/*!50503 SET character_set_client = utf8mb4 */;
CREATE TABLE `absenta` (
  `id` int NOT NULL AUTO_INCREMENT,
  `data_absenta` date DEFAULT NULL,
  `motivata` tinyint(1) DEFAULT '0',
  `student_id` int DEFAULT NULL,
  `materie_id` int DEFAULT NULL,
  PRIMARY KEY (`id`),
  KEY `student_id` (`student_id`),
  KEY `materie_id` (`materie_id`),
  CONSTRAINT `absenta_ibfk_1` FOREIGN KEY (`student_id`) REFERENCES `student` (`id`),
  CONSTRAINT `absenta_ibfk_2` FOREIGN KEY (`materie_id`) REFERENCES `materie` (`id`)
) ENGINE=InnoDB AUTO_INCREMENT=518 DEFAULT CHARSET=utf8mb4 COLLATE=utf8mb4_0900_ai_ci;
/*!40101 SET character_set_client = @saved_cs_client */;

--
-- Dumping data for table `absenta`
--

LOCK TABLES `absenta` WRITE;
/*!40000 ALTER TABLE `absenta` DISABLE KEYS */;
INSERT INTO `absenta` VALUES (1,'2025-09-29',1,11,7),(2,'2025-12-05',0,11,10),(3,'2025-12-10',0,19,7),(4,'2026-01-12',0,19,5),(5,'2025-09-29',1,19,2),(6,'2025-10-06',0,35,8),(7,'2025-12-30',1,35,4),(8,'2025-12-21',0,35,9),(9,'2025-12-25',1,35,10),(10,'2025-12-02',1,43,7),(11,'2026-01-10',0,43,4),(12,'2025-11-20',0,43,3),(13,'2026-01-12',1,43,10),(14,'2025-10-30',0,43,2),(15,'2025-10-10',1,51,7),(16,'2025-12-05',1,51,6),(17,'2025-10-12',0,51,2),(18,'2025-11-30',0,51,1),(19,'2025-11-03',1,59,3),(20,'2025-11-27',0,59,10),(21,'2025-10-18',1,67,4),(22,'2025-11-14',1,67,3),(23,'2025-10-17',1,67,2),(24,'2025-10-21',1,75,7),(25,'2025-09-19',0,75,6),(26,'2025-10-09',1,75,4),(27,'2025-10-12',1,75,9),(28,'2025-12-05',0,75,10),(29,'2025-11-15',0,83,8),(30,'2025-11-15',1,83,6),(31,'2026-01-09',1,83,9),(32,'2025-12-11',1,83,1),(33,'2025-12-04',1,91,7),(34,'2025-10-10',0,91,4),(35,'2025-09-18',0,91,2),(36,'2025-11-19',1,91,1),(37,'2025-10-21',1,99,9),(38,'2025-09-23',1,107,4),(39,'2025-11-01',1,107,3),(40,'2025-12-20',0,115,8),(41,'2025-10-29',0,115,2),(42,'2025-10-24',1,115,1),(43,'2025-10-18',0,123,6),(44,'2025-10-26',1,123,4),(45,'2025-11-25',0,123,10),(46,'2025-11-29',1,10,8),(47,'2025-11-17',0,10,7),(48,'2025-11-10',1,10,4),(49,'2025-12-31',1,18,7),(50,'2025-12-13',0,26,8),(51,'2025-11-22',0,26,9),(52,'2025-09-28',1,34,5),(53,'2025-10-26',0,34,3),(54,'2025-10-08',0,34,2),(55,'2025-10-24',1,42,8),(56,'2025-11-28',0,42,9),(57,'2026-01-10',1,50,5),(58,'2025-11-07',1,50,9),(59,'2025-10-31',1,50,2),(60,'2025-12-30',1,58,7),(61,'2025-12-10',0,58,6),(62,'2025-11-04',0,58,9),(63,'2025-09-28',1,58,3),(64,'2025-10-24',0,58,1),(65,'2025-10-09',1,66,6),(66,'2025-10-17',1,66,9),(67,'2025-11-14',0,66,3),(68,'2026-01-07',0,66,10),(69,'2025-09-24',1,66,1),(70,'2025-11-15',0,74,7),(71,'2025-10-14',1,82,6),(72,'2025-11-29',1,82,3),(73,'2025-12-07',1,90,7),(74,'2025-09-29',1,98,8),(75,'2025-12-01',0,106,7),(76,'2025-11-30',0,106,10),(77,'2025-10-07',1,114,8),(78,'2025-11-11',1,114,7),(79,'2025-09-20',1,114,6),(80,'2026-01-03',0,114,9),(81,'2025-10-05',0,114,2),(82,'2025-09-24',0,122,8),(83,'2025-12-27',1,122,4),(84,'2025-10-29',1,122,9),(85,'2025-10-03',0,122,3),(86,'2025-11-11',0,122,10),(87,'2025-10-02',0,9,8),(88,'2025-12-13',0,9,6),(89,'2025-10-31',0,9,5),(90,'2025-10-15',0,17,4),(91,'2025-11-18',0,25,8),(92,'2025-11-25',0,25,5),(93,'2025-09-26',1,25,9),(94,'2025-09-22',1,25,10),(95,'2025-10-21',1,25,1),(96,'2025-10-01',0,33,5),(97,'2025-12-13',0,33,4),(98,'2026-01-06',0,33,3),(99,'2025-11-18',1,49,7),(100,'2025-10-25',0,49,9),(101,'2025-12-09',0,49,2),(102,'2025-10-22',0,57,7),(103,'2025-11-20',0,57,5),(104,'2025-12-15',1,57,10),(105,'2025-12-22',0,65,7),(106,'2025-12-26',1,65,5),(107,'2025-12-19',0,65,3),(108,'2025-11-06',0,65,10),(109,'2025-12-09',0,65,2),(110,'2025-10-16',0,65,1),(111,'2025-10-22',1,73,9),(112,'2025-09-22',0,73,3),(113,'2025-10-26',1,73,10),(114,'2025-09-22',1,73,2),(115,'2025-10-27',0,81,6),(116,'2025-12-13',0,81,3),(117,'2025-11-22',0,81,1),(118,'2026-01-02',1,89,9),(119,'2025-11-18',1,97,3),(120,'2025-10-25',0,105,6),(121,'2025-10-24',0,105,9),(122,'2025-10-21',1,105,2),(123,'2026-01-08',0,113,8),(124,'2025-12-04',1,113,6),(125,'2025-11-23',1,113,5),(126,'2025-10-16',0,113,10),(127,'2025-10-25',0,113,2),(128,'2025-12-24',1,121,8),(129,'2025-11-06',1,121,5),(130,'2025-10-21',1,121,10),(131,'2025-12-10',0,16,9),(132,'2025-11-09',1,24,6),(133,'2025-12-02',1,24,4),(134,'2025-11-16',1,24,3),(135,'2025-12-05',0,32,3),(136,'2025-11-07',1,32,1),(137,'2025-09-17',0,40,1),(138,'2025-11-19',0,48,7),(139,'2025-11-20',0,56,5),(140,'2025-10-25',1,56,4),(141,'2025-10-09',0,56,10),(142,'2025-09-20',1,64,6),(143,'2025-10-02',0,64,9),(144,'2025-09-22',1,64,3),(145,'2025-10-06',1,64,2),(146,'2025-12-25',1,64,1),(147,'2026-01-04',1,72,6),(148,'2025-11-11',1,72,4),(149,'2025-12-03',1,72,2),(150,'2025-11-03',0,80,5),(151,'2025-12-04',1,80,3),(152,'2025-12-06',1,88,9),(153,'2026-01-02',0,88,1),(154,'2025-12-07',1,96,10),(155,'2025-10-22',0,104,4),(156,'2025-11-13',0,104,9),(157,'2025-11-27',0,104,2),(158,'2026-01-04',0,112,4),(159,'2025-11-11',0,112,2),(160,'2025-09-29',0,120,9),(161,'2025-12-15',1,120,3),(162,'2026-01-10',0,120,10),(163,'2025-10-07',1,15,6),(164,'2025-10-02',1,15,9),(165,'2025-11-09',1,23,8),(166,'2025-10-22',1,23,7),(167,'2025-11-06',0,23,4),(168,'2025-12-16',1,23,2),(169,'2025-12-13',1,31,8),(170,'2025-10-12',0,31,5),(171,'2025-11-12',1,39,7),(172,'2025-12-20',1,47,6),(173,'2025-11-11',1,47,9),(174,'2025-10-14',1,47,3),(175,'2025-12-30',0,47,10),(176,'2025-09-29',0,55,2),(177,'2025-12-16',0,63,3),(178,'2025-10-06',1,71,5),(179,'2025-10-04',0,79,8),(180,'2025-12-03',1,79,4),(181,'2025-11-07',0,79,10),(182,'2026-01-02',0,79,2),(183,'2025-12-14',1,87,8),(184,'2025-12-29',0,87,5),(185,'2025-12-19',0,95,9),(186,'2025-09-26',0,95,2),(187,'2025-12-16',1,103,7),(188,'2025-11-23',0,111,6),(189,'2025-11-13',1,111,3),(190,'2026-01-03',0,119,1),(191,'2025-10-12',1,6,7),(192,'2025-10-04',0,6,5),(193,'2026-01-05',0,6,10),(194,'2025-11-01',0,14,8),(195,'2025-12-29',1,14,7),(196,'2025-11-07',0,14,10),(197,'2025-11-24',1,22,8),(198,'2025-11-26',1,22,9),(199,'2025-11-26',0,30,4),(200,'2025-09-18',1,30,9),(201,'2025-11-19',0,38,7),(202,'2025-10-25',1,38,9),(203,'2025-12-02',1,38,2),(204,'2025-10-24',0,46,4),(205,'2026-01-08',0,54,8),(206,'2025-11-20',0,54,10),(207,'2025-12-25',0,62,5),(208,'2025-09-27',1,70,9),(209,'2025-12-28',1,70,10),(210,'2025-12-10',1,70,2),(211,'2025-09-26',1,78,8),(212,'2026-01-10',0,78,5),(213,'2025-10-11',1,78,4),(214,'2025-10-15',0,78,9),(215,'2025-10-25',0,86,9),(216,'2025-10-01',0,86,3),(217,'2025-11-20',0,102,8),(218,'2025-10-31',0,102,5),(219,'2025-11-14',0,102,1),(220,'2025-12-15',1,110,4),(221,'2025-10-02',1,110,3),(222,'2025-11-04',0,118,2),(223,'2025-11-08',1,118,1),(224,'2025-11-25',0,1,7),(225,'2025-11-12',1,1,9),(226,'2025-11-17',0,1,10),(227,'2025-10-08',0,1,1),(228,'2025-09-18',1,2,8),(229,'2025-09-21',0,2,7),(230,'2025-10-17',1,2,6),(231,'2025-10-22',1,3,3),(232,'2026-01-03',1,3,2),(233,'2026-01-02',1,3,1),(234,'2025-12-28',1,5,8),(235,'2025-11-01',0,5,9),(236,'2026-01-11',0,13,8),(237,'2025-12-20',0,13,7),(238,'2025-11-23',1,13,6),(239,'2025-10-02',0,13,9),(240,'2025-12-14',0,21,7),(241,'2025-11-07',1,21,2),(242,'2025-12-14',1,29,10),(243,'2025-11-03',0,37,4),(244,'2025-11-18',0,37,3),(245,'2025-11-29',1,45,6),(246,'2025-10-16',1,45,5),(247,'2025-11-10',0,45,9),(248,'2025-12-23',1,45,2),(249,'2025-11-10',1,53,6),(250,'2025-11-21',0,53,9),(251,'2025-11-05',0,53,3),(252,'2025-12-15',0,53,10),(253,'2025-12-21',0,61,6),(254,'2025-10-28',0,61,4),(255,'2026-01-03',1,61,3),(256,'2025-10-08',1,61,2),(257,'2025-10-09',0,69,8),(258,'2025-09-27',1,77,6),(259,'2025-11-26',1,85,5),(260,'2025-11-23',0,93,5),(261,'2025-12-24',0,93,9),(262,'2025-11-08',1,93,3),(263,'2025-12-11',0,93,2),(264,'2025-12-28',0,101,7),(265,'2025-10-20',1,109,8),(266,'2025-10-02',0,109,6),(267,'2025-12-20',1,117,8),(268,'2025-10-05',0,117,7),(269,'2025-12-02',0,117,4),(270,'2025-10-29',0,117,9),(271,'2026-01-07',0,12,5),(272,'2025-12-01',1,20,2),(273,'2025-11-13',1,28,10),(274,'2025-10-03',0,28,2),(275,'2026-01-12',0,28,1),(276,'2025-10-03',0,36,4),(277,'2026-01-03',1,44,5),(278,'2026-01-08',0,44,3),(279,'2025-09-20',1,52,7),(280,'2026-01-09',1,52,3),(281,'2026-01-02',1,60,4),(282,'2025-12-24',0,60,3),(283,'2026-01-08',0,68,7),(284,'2025-12-09',1,68,9),(285,'2025-10-01',1,68,3),(286,'2025-11-17',1,68,1),(287,'2025-12-21',0,76,8),(288,'2025-10-01',0,76,6),(289,'2025-12-01',0,76,4),(290,'2026-01-11',1,76,9),(291,'2025-11-05',1,76,2),(292,'2025-12-17',0,84,4),(293,'2025-12-08',0,84,3),(294,'2026-01-10',0,84,2),(295,'2026-01-10',0,92,3),(296,'2025-12-11',0,92,2),(297,'2026-01-02',1,100,10),(298,'2025-11-09',0,108,5),(299,'2025-11-19',0,108,4),(300,'2025-11-09',0,108,3),(301,'2026-01-04',0,108,10),(302,'2025-09-22',1,108,1),(303,'2025-12-23',1,116,8),(304,'2025-11-24',0,116,7),(305,'2025-09-18',0,116,4),(306,'2025-12-10',0,116,9),(512,'2026-01-02',1,131,18),(513,'2026-01-02',1,131,19),(514,'2026-01-02',1,131,20),(515,'2025-12-03',0,131,18),(516,'2025-12-03',0,131,19),(517,'2025-12-03',1,131,20);
/*!40000 ALTER TABLE `absenta` ENABLE KEYS */;
UNLOCK TABLES;

--
-- Table structure for table `clasa`
--

DROP TABLE IF EXISTS `clasa`;
/*!40101 SET @saved_cs_client     = @@character_set_client */;
/*!50503 SET character_set_client = utf8mb4 */;
CREATE TABLE `clasa` (
  `id` int NOT NULL AUTO_INCREMENT,
  `an` int NOT NULL,
  `litera` varchar(2) NOT NULL,
  `profil` varchar(50) DEFAULT NULL,
  PRIMARY KEY (`id`),
  UNIQUE KEY `uq_clasa` (`an`,`litera`)
) ENGINE=InnoDB AUTO_INCREMENT=9 DEFAULT CHARSET=utf8mb4 COLLATE=utf8mb4_0900_ai_ci;
/*!40101 SET character_set_client = @saved_cs_client */;

--
-- Dumping data for table `clasa`
--

LOCK TABLES `clasa` WRITE;
/*!40000 ALTER TABLE `clasa` DISABLE KEYS */;
INSERT INTO `clasa` VALUES (1,9,'A',NULL),(2,9,'B',NULL),(3,10,'A',NULL),(4,10,'B',NULL),(5,11,'A',NULL),(6,11,'B',NULL),(7,12,'A',NULL),(8,12,'B',NULL);
/*!40000 ALTER TABLE `clasa` ENABLE KEYS */;
UNLOCK TABLES;

--
-- Table structure for table `log_actiune`
--

DROP TABLE IF EXISTS `log_actiune`;
/*!40101 SET @saved_cs_client     = @@character_set_client */;
/*!50503 SET character_set_client = utf8mb4 */;
CREATE TABLE `log_actiune` (
  `id` int NOT NULL AUTO_INCREMENT,
  `utilizator` varchar(100) DEFAULT NULL,
  `rol` varchar(50) DEFAULT NULL,
  `actiune` varchar(255) DEFAULT NULL,
  `data_actiune` timestamp NULL DEFAULT CURRENT_TIMESTAMP,
  PRIMARY KEY (`id`)
) ENGINE=InnoDB AUTO_INCREMENT=33 DEFAULT CHARSET=utf8mb4 COLLATE=utf8mb4_0900_ai_ci;
/*!40101 SET character_set_client = @saved_cs_client */;

--
-- Dumping data for table `log_actiune`
--

LOCK TABLES `log_actiune` WRITE;
/*!40000 ALTER TABLE `log_actiune` DISABLE KEYS */;
INSERT INTO `log_actiune` VALUES (1,'ana@student.ro','STUDENT','LOGIN','2026-01-12 16:47:13'),(2,'ana@student.ro','STUDENT','LOGIN','2026-01-12 16:47:20'),(3,'ana@student.ro','STUDENT','LOGIN','2026-01-12 16:48:49'),(4,'matei@prof.ro','PROFESOR','RESET_PASSWORD','2026-01-12 17:51:30'),(5,'ana@student.ro','STUDENT','LOGIN','2026-01-12 18:28:02'),(6,'ana@student.ro','STUDENT','LOGOUT','2026-01-12 18:28:21'),(7,'elena@prof.ro','PROFESOR','LOGIN','2026-01-12 18:33:58'),(8,'ana@student.ro','STUDENT','LOGIN','2026-01-12 18:38:06'),(9,'ana@student.ro','STUDENT','LOGIN','2026-01-12 19:47:07'),(10,'ana@student.ro','STUDENT','LOGOUT','2026-01-12 20:06:35'),(11,'ana@student.ro','STUDENT','LOGIN','2026-01-12 20:06:41'),(12,'t@student.ro','STUDENT','LOGIN','2026-01-12 20:44:54'),(13,'t@student.ro','STUDENT','LOGIN','2026-01-12 21:59:35'),(14,'t@student.ro','STUDENT','LOGIN','2026-01-13 00:50:29'),(15,'t@prof.ro','PROFESOR','LOGIN','2026-01-13 11:22:07'),(16,'t@prof.ro','PROFESOR','ADD_NOTA student_id=131, materie_id=20, valoare=5','2026-01-13 11:23:34'),(17,'t@prof.ro','PROFESOR','UPDATE_ABSENTA id=517, motivata=true','2026-01-13 11:23:48'),(18,'t@prof.ro','PROFESOR','LOGOUT','2026-01-13 11:23:51'),(19,'t@student.ro','STUDENT','LOGIN','2026-01-13 11:23:57'),(20,'t@prof.ro','PROFESOR','LOGIN','2026-01-13 11:24:17'),(21,'t@prof.ro','PROFESOR','UPDATE_ABSENTA id=514, motivata=false','2026-01-13 11:24:35'),(22,'t@prof.ro','PROFESOR','UPDATE_ABSENTA id=514, motivata=true','2026-01-13 11:24:36'),(23,'t@prof.ro','PROFESOR','LOGOUT','2026-01-13 11:25:12'),(24,'t@prof.ro','PROFESOR','LOGIN','2026-01-13 18:52:00'),(25,'t@prof.ro','PROFESOR','EXPORT_NOTE_PDF materie_id=20','2026-01-13 18:52:18'),(26,'t@prof.ro','PROFESOR','ADD_NOTA student_id=10, materie_id=20, valoare=8','2026-01-13 18:52:41'),(27,'t@prof.ro','PROFESOR','EXPORT_NOTE_PDF materie_id=20','2026-01-13 18:52:55'),(28,'t@prof.ro','PROFESOR','EXPORT_NOTE_PDF materie_id=20','2026-01-13 18:53:48'),(29,'t@prof.ro','PROFESOR','EXPORT_NOTE_XLS materie_id=20','2026-01-13 18:53:52'),(30,'t@prof.ro','PROFESOR','LOGIN','2026-01-13 20:54:45'),(31,'t@prof.ro','PROFESOR','LOGIN','2026-01-13 20:56:39'),(32,'t@prof.ro','PROFESOR','ADD_NOTA student_id=10, materie_id=20, valoare=5','2026-01-13 20:57:44');
/*!40000 ALTER TABLE `log_actiune` ENABLE KEYS */;
UNLOCK TABLES;

--
-- Table structure for table `materie`
--

DROP TABLE IF EXISTS `materie`;
/*!40101 SET @saved_cs_client     = @@character_set_client */;
/*!50503 SET character_set_client = utf8mb4 */;
CREATE TABLE `materie` (
  `id` int NOT NULL AUTO_INCREMENT,
  `nume` varchar(100) NOT NULL,
  `profesor_id` int DEFAULT NULL,
  PRIMARY KEY (`id`),
  KEY `profesor_id` (`profesor_id`),
  CONSTRAINT `materie_ibfk_1` FOREIGN KEY (`profesor_id`) REFERENCES `profesor` (`id`)
) ENGINE=InnoDB AUTO_INCREMENT=21 DEFAULT CHARSET=utf8mb4 COLLATE=utf8mb4_0900_ai_ci;
/*!40101 SET character_set_client = @saved_cs_client */;

--
-- Dumping data for table `materie`
--

LOCK TABLES `materie` WRITE;
/*!40000 ALTER TABLE `materie` DISABLE KEYS */;
INSERT INTO `materie` VALUES (1,'Matematica',1),(2,'Informatica',2),(3,'Limba Romana',4),(4,'Istorie',6),(5,'Engleza',7),(6,'Fizica',8),(7,'Biologie',9),(8,'Chimie',10),(9,'Geografie',5),(10,'Educatie Civica',3),(18,'Romana',11),(19,'Fizica',11),(20,'Engleza',11);
/*!40000 ALTER TABLE `materie` ENABLE KEYS */;
UNLOCK TABLES;

--
-- Table structure for table `nota`
--

DROP TABLE IF EXISTS `nota`;
/*!40101 SET @saved_cs_client     = @@character_set_client */;
/*!50503 SET character_set_client = utf8mb4 */;
CREATE TABLE `nota` (
  `id` int NOT NULL AUTO_INCREMENT,
  `valoare` int DEFAULT NULL,
  `data_nota` date DEFAULT NULL,
  `student_id` int DEFAULT NULL,
  `materie_id` int DEFAULT NULL,
  PRIMARY KEY (`id`),
  KEY `student_id` (`student_id`),
  KEY `materie_id` (`materie_id`),
  CONSTRAINT `nota_ibfk_1` FOREIGN KEY (`student_id`) REFERENCES `student` (`id`),
  CONSTRAINT `nota_ibfk_2` FOREIGN KEY (`materie_id`) REFERENCES `materie` (`id`),
  CONSTRAINT `nota_chk_1` CHECK ((`valoare` between 1 and 10))
) ENGINE=InnoDB AUTO_INCREMENT=4108 DEFAULT CHARSET=utf8mb4 COLLATE=utf8mb4_0900_ai_ci;
/*!40101 SET character_set_client = @saved_cs_client */;

--
-- Dumping data for table `nota`
--

LOCK TABLES `nota` WRITE;
/*!40000 ALTER TABLE `nota` DISABLE KEYS */;
INSERT INTO `nota` VALUES (1,9,'2025-12-05',11,8),(2,7,'2025-12-07',11,8),(3,6,'2025-09-20',11,8),(4,6,'2025-12-02',11,7),(5,5,'2026-01-12',11,7),(6,10,'2025-09-18',11,7),(7,10,'2025-11-21',11,6),(8,8,'2025-10-31',11,6),(9,6,'2025-10-25',11,6),(10,7,'2025-12-28',11,5),(11,7,'2025-11-16',11,5),(12,6,'2025-09-23',11,5),(13,10,'2025-11-25',11,4),(14,7,'2025-12-18',11,4),(15,8,'2025-11-16',11,4),(16,8,'2025-12-22',11,9),(17,6,'2026-01-02',11,9),(18,7,'2025-12-30',11,9),(19,5,'2025-12-06',11,3),(20,6,'2025-09-22',11,3),(21,6,'2026-01-09',11,3),(22,8,'2026-01-02',11,10),(23,8,'2025-11-29',11,10),(24,6,'2025-12-11',11,10),(25,8,'2025-10-01',11,2),(26,9,'2025-09-20',11,2),(27,8,'2025-12-09',11,2),(28,8,'2025-10-03',11,1),(29,8,'2025-11-17',11,1),(30,8,'2025-11-27',11,1),(31,6,'2025-12-24',19,8),(32,5,'2025-11-04',19,8),(33,10,'2025-11-08',19,8),(34,5,'2025-12-26',19,7),(35,6,'2025-09-22',19,7),(36,10,'2025-11-18',19,7),(37,9,'2025-12-02',19,6),(38,8,'2025-11-16',19,6),(39,10,'2025-09-20',19,6),(40,5,'2025-10-12',19,5),(41,7,'2025-12-27',19,5),(42,6,'2025-10-30',19,5),(43,7,'2025-11-05',19,4),(44,7,'2025-12-12',19,4),(45,5,'2025-10-05',19,4),(46,9,'2025-12-02',19,9),(47,7,'2025-12-29',19,9),(48,6,'2025-12-24',19,9),(49,10,'2026-01-05',19,3),(50,8,'2025-10-14',19,3),(51,10,'2025-10-23',19,3),(52,7,'2026-01-01',19,10),(53,6,'2025-10-08',19,10),(54,7,'2025-11-23',19,10),(55,5,'2025-10-16',19,2),(56,9,'2025-12-11',19,2),(57,6,'2025-11-20',19,2),(58,7,'2026-01-03',19,1),(59,10,'2025-11-16',19,1),(60,8,'2025-12-03',19,1),(61,5,'2025-12-24',27,8),(62,9,'2025-09-19',27,8),(63,9,'2025-09-24',27,8),(64,6,'2025-10-17',27,7),(65,9,'2025-11-06',27,7),(66,8,'2025-12-18',27,7),(67,6,'2025-09-23',27,6),(68,9,'2025-10-20',27,6),(69,7,'2026-01-02',27,6),(70,5,'2025-12-15',27,5),(71,10,'2025-10-11',27,5),(72,6,'2025-10-26',27,5),(73,8,'2025-12-01',27,4),(74,9,'2025-10-05',27,4),(75,9,'2025-11-07',27,4),(76,7,'2025-12-26',27,9),(77,8,'2025-10-06',27,9),(78,5,'2025-12-17',27,9),(79,9,'2025-10-06',27,3),(80,10,'2025-11-08',27,3),(81,9,'2025-09-16',27,3),(82,9,'2025-09-25',27,10),(83,6,'2025-11-24',27,10),(84,7,'2025-11-04',27,10),(85,9,'2025-12-12',27,2),(86,10,'2025-10-03',27,2),(87,7,'2025-10-31',27,2),(88,9,'2026-01-08',27,1),(89,10,'2025-12-09',27,1),(90,9,'2026-01-03',27,1),(91,5,'2025-10-01',35,8),(92,6,'2025-10-22',35,8),(93,9,'2025-12-06',35,8),(94,8,'2025-10-22',35,7),(95,10,'2025-12-09',35,7),(96,9,'2025-12-19',35,7),(97,8,'2025-12-06',35,6),(98,9,'2025-12-24',35,6),(99,7,'2025-12-15',35,6),(100,5,'2025-12-31',35,5),(101,5,'2025-10-08',35,5),(102,10,'2025-11-30',35,5),(103,10,'2025-10-25',35,4),(104,7,'2025-12-02',35,4),(105,6,'2025-11-05',35,4),(106,10,'2025-10-18',35,9),(107,10,'2025-11-09',35,9),(108,10,'2025-10-14',35,9),(109,5,'2025-11-24',35,3),(110,8,'2026-01-07',35,3),(111,6,'2025-12-31',35,3),(112,9,'2025-10-29',35,10),(113,9,'2025-09-18',35,10),(114,8,'2025-10-16',35,10),(115,5,'2025-12-01',35,2),(116,7,'2025-12-27',35,2),(117,7,'2025-11-23',35,2),(118,10,'2025-10-16',35,1),(119,9,'2025-12-21',35,1),(120,10,'2025-09-22',35,1),(121,10,'2026-01-01',43,8),(122,8,'2025-11-29',43,8),(123,6,'2025-12-24',43,8),(124,5,'2025-10-10',43,7),(125,9,'2025-11-11',43,7),(126,6,'2025-10-12',43,7),(127,5,'2025-09-16',43,6),(128,9,'2025-10-04',43,6),(129,10,'2026-01-07',43,6),(130,7,'2025-12-14',43,5),(131,9,'2025-12-10',43,5),(132,10,'2026-01-02',43,5),(133,7,'2025-12-24',43,4),(134,7,'2025-12-09',43,4),(135,7,'2025-09-21',43,4),(136,8,'2025-11-30',43,9),(137,10,'2025-11-30',43,9),(138,5,'2025-10-22',43,9),(139,10,'2025-10-09',43,3),(140,5,'2025-09-23',43,3),(141,7,'2025-11-15',43,3),(142,5,'2025-09-30',43,10),(143,6,'2025-12-14',43,10),(144,9,'2025-10-05',43,10),(145,5,'2025-11-06',43,2),(146,9,'2025-12-15',43,2),(147,9,'2025-11-25',43,2),(148,8,'2025-11-16',43,1),(149,9,'2025-11-10',43,1),(150,6,'2025-10-08',43,1),(151,6,'2025-11-11',51,8),(152,5,'2025-10-23',51,8),(153,6,'2025-12-16',51,8),(154,7,'2025-12-10',51,7),(155,6,'2025-12-09',51,7),(156,9,'2025-09-30',51,7),(157,5,'2026-01-12',51,6),(158,8,'2025-12-08',51,6),(159,7,'2025-11-02',51,6),(160,7,'2025-10-24',51,5),(161,10,'2025-12-07',51,5),(162,10,'2025-10-13',51,5),(163,5,'2025-10-11',51,4),(164,10,'2025-09-27',51,4),(165,10,'2026-01-05',51,4),(166,7,'2025-12-22',51,9),(167,7,'2025-10-11',51,9),(168,8,'2025-12-18',51,9),(169,8,'2026-01-04',51,3),(170,9,'2025-11-22',51,3),(171,10,'2025-11-13',51,3),(172,8,'2025-10-10',51,10),(173,10,'2025-12-04',51,10),(174,10,'2025-12-20',51,10),(175,7,'2025-10-12',51,2),(176,7,'2025-09-22',51,2),(177,6,'2025-10-06',51,2),(178,5,'2025-12-16',51,1),(179,9,'2025-09-27',51,1),(180,7,'2026-01-07',51,1),(181,6,'2025-10-03',59,8),(182,8,'2025-10-25',59,8),(183,7,'2025-09-16',59,8),(184,9,'2025-10-10',59,7),(185,9,'2025-12-27',59,7),(186,8,'2025-11-07',59,7),(187,10,'2025-12-09',59,6),(188,7,'2025-11-15',59,6),(189,5,'2025-11-03',59,6),(190,10,'2025-10-02',59,5),(191,8,'2025-09-16',59,5),(192,7,'2026-01-06',59,5),(193,5,'2025-12-28',59,4),(194,7,'2025-09-18',59,4),(195,7,'2025-12-10',59,4),(196,5,'2025-11-13',59,9),(197,6,'2026-01-07',59,9),(198,6,'2025-11-27',59,9),(199,5,'2025-09-17',59,3),(200,9,'2025-12-31',59,3),(201,5,'2025-12-15',59,3),(202,10,'2025-11-14',59,10),(203,10,'2025-12-05',59,10),(204,9,'2025-10-28',59,10),(205,5,'2025-12-08',59,2),(206,7,'2025-10-08',59,2),(207,5,'2025-10-23',59,2),(208,6,'2025-11-05',59,1),(209,10,'2025-10-08',59,1),(210,6,'2025-12-19',59,1),(211,5,'2025-11-06',67,8),(212,9,'2025-10-02',67,8),(213,5,'2026-01-01',67,8),(214,5,'2025-12-19',67,7),(215,9,'2025-09-18',67,7),(216,9,'2025-11-01',67,7),(217,10,'2025-10-15',67,6),(218,5,'2025-10-13',67,6),(219,9,'2025-10-09',67,6),(220,8,'2025-12-14',67,5),(221,8,'2025-11-12',67,5),(222,8,'2025-11-07',67,5),(223,10,'2025-09-24',67,4),(224,10,'2025-11-11',67,4),(225,5,'2025-11-08',67,4),(226,8,'2025-10-27',67,9),(227,6,'2025-11-28',67,9),(228,5,'2025-11-28',67,9),(229,8,'2025-10-17',67,3),(230,10,'2025-11-14',67,3),(231,9,'2025-09-25',67,3),(232,8,'2025-09-29',67,10),(233,9,'2025-11-25',67,10),(234,8,'2025-10-05',67,10),(235,6,'2025-12-30',67,2),(236,8,'2025-10-29',67,2),(237,7,'2025-09-18',67,2),(238,9,'2025-10-05',67,1),(239,10,'2026-01-08',67,1),(240,7,'2025-12-15',67,1),(241,9,'2026-01-01',75,8),(242,6,'2025-10-12',75,8),(243,6,'2025-10-19',75,8),(244,10,'2025-11-01',75,7),(245,6,'2025-12-26',75,7),(246,5,'2025-12-16',75,7),(247,9,'2025-12-26',75,6),(248,7,'2025-10-21',75,6),(249,6,'2025-10-01',75,6),(250,9,'2025-12-31',75,5),(251,6,'2025-12-07',75,5),(252,8,'2025-10-09',75,5),(253,7,'2025-11-22',75,4),(254,5,'2025-09-21',75,4),(255,8,'2026-01-05',75,4),(256,8,'2025-10-23',75,9),(257,9,'2025-12-01',75,9),(258,9,'2025-10-27',75,9),(259,5,'2025-12-31',75,3),(260,7,'2026-01-02',75,3),(261,5,'2025-10-06',75,3),(262,5,'2025-10-11',75,10),(263,9,'2025-11-25',75,10),(264,9,'2025-10-27',75,10),(265,10,'2025-10-27',75,2),(266,7,'2025-11-22',75,2),(267,9,'2025-11-22',75,2),(268,10,'2025-12-12',75,1),(269,8,'2026-01-05',75,1),(270,8,'2025-10-11',75,1),(271,5,'2025-12-13',83,8),(272,10,'2025-09-28',83,8),(273,8,'2025-11-14',83,8),(274,8,'2025-11-15',83,7),(275,8,'2025-10-05',83,7),(276,5,'2025-12-07',83,7),(277,5,'2025-12-02',83,6),(278,8,'2025-10-05',83,6),(279,7,'2025-10-26',83,6),(280,10,'2025-09-22',83,5),(281,9,'2025-09-17',83,5),(282,8,'2025-12-18',83,5),(283,6,'2025-12-19',83,4),(284,8,'2025-09-19',83,4),(285,6,'2025-11-25',83,4),(286,6,'2026-01-12',83,9),(287,6,'2025-11-14',83,9),(288,8,'2025-12-03',83,9),(289,5,'2025-09-15',83,3),(290,10,'2025-10-05',83,3),(291,6,'2025-10-09',83,3),(292,6,'2025-10-27',83,10),(293,8,'2025-12-25',83,10),(294,10,'2025-12-24',83,10),(295,5,'2025-10-19',83,2),(296,7,'2025-12-29',83,2),(297,6,'2025-10-08',83,2),(298,6,'2025-12-19',83,1),(299,5,'2025-11-03',83,1),(300,10,'2025-11-24',83,1),(301,8,'2025-11-13',91,8),(302,10,'2025-10-05',91,8),(303,8,'2025-12-12',91,8),(304,8,'2025-11-10',91,7),(305,8,'2025-10-24',91,7),(306,7,'2025-09-17',91,7),(307,9,'2025-11-12',91,6),(308,7,'2025-09-23',91,6),(309,6,'2025-12-28',91,6),(310,5,'2026-01-07',91,5),(311,10,'2025-10-13',91,5),(312,10,'2026-01-07',91,5),(313,8,'2026-01-09',91,4),(314,6,'2026-01-02',91,4),(315,9,'2025-11-15',91,4),(316,6,'2025-11-15',91,9),(317,10,'2025-09-30',91,9),(318,9,'2025-12-22',91,9),(319,8,'2025-11-11',91,3),(320,9,'2025-12-13',91,3),(321,10,'2025-12-24',91,3),(322,10,'2025-10-10',91,10),(323,7,'2025-11-10',91,10),(324,8,'2025-09-23',91,10),(325,5,'2025-09-28',91,2),(326,5,'2025-11-09',91,2),(327,8,'2025-12-16',91,2),(328,7,'2025-11-05',91,1),(329,8,'2025-10-09',91,1),(330,7,'2026-01-09',91,1),(331,9,'2025-12-08',99,8),(332,7,'2025-11-30',99,8),(333,7,'2025-12-06',99,8),(334,5,'2025-11-03',99,7),(335,8,'2025-11-26',99,7),(336,5,'2025-12-09',99,7),(337,5,'2025-10-08',99,6),(338,8,'2025-10-17',99,6),(339,9,'2025-10-24',99,6),(340,5,'2025-12-19',99,5),(341,10,'2025-10-07',99,5),(342,7,'2025-10-23',99,5),(343,5,'2025-11-06',99,4),(344,7,'2025-11-11',99,4),(345,6,'2025-10-08',99,4),(346,6,'2025-10-23',99,9),(347,9,'2025-10-20',99,9),(348,6,'2025-12-21',99,9),(349,5,'2025-12-13',99,3),(350,9,'2025-12-26',99,3),(351,7,'2025-11-24',99,3),(352,10,'2025-10-31',99,10),(353,5,'2025-10-05',99,10),(354,9,'2025-12-05',99,10),(355,6,'2025-10-28',99,2),(356,6,'2025-12-12',99,2),(357,8,'2025-12-24',99,2),(358,5,'2025-10-18',99,1),(359,7,'2025-12-09',99,1),(360,10,'2026-01-10',99,1),(361,5,'2025-10-15',107,8),(362,6,'2026-01-09',107,8),(363,7,'2025-09-28',107,8),(364,6,'2025-11-05',107,7),(365,5,'2025-10-02',107,7),(366,10,'2026-01-04',107,7),(367,8,'2025-10-22',107,6),(368,9,'2025-11-18',107,6),(369,6,'2025-11-05',107,6),(370,6,'2025-10-30',107,5),(371,6,'2025-10-29',107,5),(372,6,'2025-11-19',107,5),(373,7,'2026-01-12',107,4),(374,8,'2025-09-15',107,4),(375,5,'2025-10-07',107,4),(376,8,'2025-11-15',107,9),(377,9,'2025-09-24',107,9),(378,8,'2025-12-24',107,9),(379,5,'2025-10-09',107,3),(380,9,'2025-11-02',107,3),(381,8,'2025-12-21',107,3),(382,5,'2025-12-27',107,10),(383,6,'2025-09-16',107,10),(384,5,'2025-11-09',107,10),(385,7,'2025-12-08',107,2),(386,6,'2025-10-12',107,2),(387,10,'2025-09-15',107,2),(388,7,'2026-01-10',107,1),(389,10,'2025-11-23',107,1),(390,7,'2025-10-17',107,1),(391,7,'2025-12-22',115,8),(392,7,'2025-10-10',115,8),(393,8,'2025-12-10',115,8),(394,9,'2025-12-08',115,7),(395,5,'2025-12-28',115,7),(396,8,'2025-10-18',115,7),(397,9,'2025-10-31',115,6),(398,9,'2025-12-22',115,6),(399,7,'2025-09-28',115,6),(400,10,'2025-12-18',115,5),(401,5,'2025-09-16',115,5),(402,8,'2025-09-26',115,5),(403,9,'2025-12-09',115,4),(404,5,'2025-12-09',115,4),(405,7,'2025-09-29',115,4),(406,7,'2026-01-05',115,9),(407,6,'2025-12-13',115,9),(408,7,'2025-12-07',115,9),(409,6,'2025-11-22',115,3),(410,7,'2025-11-20',115,3),(411,6,'2025-11-02',115,3),(412,7,'2025-11-27',115,10),(413,8,'2025-09-26',115,10),(414,9,'2025-10-17',115,10),(415,8,'2025-10-11',115,2),(416,5,'2025-12-26',115,2),(417,7,'2025-10-08',115,2),(418,8,'2025-09-28',115,1),(419,7,'2025-10-22',115,1),(420,5,'2026-01-10',115,1),(421,5,'2025-12-12',123,8),(422,5,'2025-10-13',123,8),(423,7,'2025-12-27',123,8),(424,6,'2025-10-22',123,7),(425,9,'2025-10-08',123,7),(426,9,'2025-12-23',123,7),(427,9,'2025-09-17',123,6),(428,9,'2026-01-12',123,6),(429,9,'2025-11-30',123,6),(430,9,'2025-10-14',123,5),(431,7,'2026-01-04',123,5),(432,10,'2025-11-01',123,5),(433,5,'2025-10-13',123,4),(434,7,'2026-01-06',123,4),(435,10,'2025-12-25',123,4),(436,5,'2025-11-28',123,9),(437,7,'2025-10-06',123,9),(438,10,'2025-12-21',123,9),(439,5,'2025-12-23',123,3),(440,7,'2025-10-29',123,3),(441,10,'2025-12-04',123,3),(442,5,'2025-11-02',123,10),(443,8,'2025-12-01',123,10),(444,10,'2025-12-03',123,10),(445,5,'2025-12-21',123,2),(446,10,'2025-10-30',123,2),(447,8,'2026-01-01',123,2),(448,9,'2025-12-25',123,1),(449,9,'2025-12-26',123,1),(450,8,'2025-12-05',123,1),(451,10,'2025-10-05',10,8),(452,6,'2025-10-03',10,8),(453,7,'2025-10-29',10,8),(454,10,'2025-11-29',10,7),(455,6,'2025-12-07',10,7),(456,9,'2025-11-11',10,7),(457,8,'2025-12-20',10,6),(458,6,'2025-09-15',10,6),(459,5,'2025-12-20',10,6),(460,10,'2025-10-22',10,5),(461,10,'2025-12-11',10,5),(462,9,'2025-09-24',10,5),(463,7,'2025-12-30',10,4),(464,7,'2025-10-08',10,4),(465,9,'2025-12-02',10,4),(466,7,'2025-12-08',10,9),(467,5,'2025-11-05',10,9),(468,8,'2025-12-22',10,9),(469,5,'2025-12-20',10,3),(470,8,'2025-12-29',10,3),(471,10,'2025-11-13',10,3),(472,8,'2025-11-14',10,10),(473,9,'2025-09-30',10,10),(474,7,'2026-01-04',10,10),(475,7,'2025-11-14',10,2),(476,7,'2025-10-08',10,2),(477,8,'2025-10-13',10,2),(478,10,'2025-12-12',10,1),(479,8,'2025-12-29',10,1),(480,10,'2025-09-25',10,1),(481,5,'2025-12-10',18,8),(482,7,'2025-12-25',18,8),(483,8,'2025-12-06',18,8),(484,10,'2025-10-31',18,7),(485,6,'2025-10-07',18,7),(486,5,'2025-09-27',18,7),(487,6,'2025-10-17',18,6),(488,9,'2025-10-03',18,6),(489,9,'2025-11-11',18,6),(490,5,'2025-12-16',18,5),(491,9,'2025-10-23',18,5),(492,7,'2025-09-29',18,5),(493,6,'2025-11-09',18,4),(494,10,'2025-11-28',18,4),(495,10,'2025-12-09',18,4),(496,9,'2025-12-29',18,9),(497,6,'2025-10-17',18,9),(498,10,'2025-10-24',18,9),(499,7,'2025-12-13',18,3),(500,10,'2025-10-14',18,3),(501,5,'2026-01-07',18,3),(502,5,'2026-01-11',18,10),(503,10,'2025-09-27',18,10),(504,8,'2025-09-28',18,10),(505,10,'2025-10-12',18,2),(506,6,'2025-10-26',18,2),(507,9,'2025-11-18',18,2),(508,6,'2025-09-16',18,1),(509,5,'2025-11-06',18,1),(510,7,'2025-10-15',18,1),(511,6,'2026-01-04',26,8),(512,8,'2025-11-02',26,8),(513,6,'2025-10-26',26,8),(514,7,'2026-01-09',26,7),(515,10,'2025-10-25',26,7),(516,7,'2025-11-27',26,7),(517,8,'2025-11-19',26,6),(518,9,'2026-01-08',26,6),(519,5,'2025-10-25',26,6),(520,9,'2025-12-21',26,5),(521,7,'2025-10-29',26,5),(522,9,'2025-12-12',26,5),(523,10,'2025-11-28',26,4),(524,7,'2025-10-09',26,4),(525,9,'2025-10-21',26,4),(526,5,'2025-12-27',26,9),(527,8,'2025-12-08',26,9),(528,10,'2025-11-25',26,9),(529,7,'2025-09-18',26,3),(530,8,'2025-10-03',26,3),(531,8,'2025-12-05',26,3),(532,10,'2025-11-16',26,10),(533,9,'2025-12-13',26,10),(534,5,'2025-11-20',26,10),(535,5,'2025-12-21',26,2),(536,8,'2025-11-02',26,2),(537,5,'2025-11-02',26,2),(538,9,'2025-09-16',26,1),(539,9,'2025-11-19',26,1),(540,6,'2025-10-25',26,1),(541,9,'2025-11-11',34,8),(542,7,'2025-09-22',34,8),(543,6,'2025-12-30',34,8),(544,10,'2025-10-24',34,7),(545,7,'2025-10-23',34,7),(546,7,'2025-10-03',34,7),(547,5,'2026-01-06',34,6),(548,10,'2025-12-05',34,6),(549,10,'2025-10-31',34,6),(550,6,'2025-10-11',34,5),(551,10,'2025-12-05',34,5),(552,9,'2025-12-31',34,5),(553,5,'2025-12-30',34,4),(554,6,'2025-12-30',34,4),(555,9,'2025-12-18',34,4),(556,10,'2026-01-12',34,9),(557,6,'2026-01-01',34,9),(558,9,'2025-10-04',34,9),(559,9,'2026-01-09',34,3),(560,5,'2025-09-15',34,3),(561,10,'2025-11-01',34,3),(562,6,'2025-10-30',34,10),(563,6,'2025-11-25',34,10),(564,6,'2025-09-17',34,10),(565,6,'2026-01-06',34,2),(566,8,'2025-12-24',34,2),(567,9,'2025-10-28',34,2),(568,9,'2025-10-28',34,1),(569,5,'2025-11-26',34,1),(570,9,'2025-10-16',34,1),(571,7,'2025-11-13',42,8),(572,8,'2025-09-16',42,8),(573,7,'2025-12-15',42,8),(574,10,'2025-11-03',42,7),(575,7,'2026-01-10',42,7),(576,5,'2026-01-03',42,7),(577,6,'2025-11-27',42,6),(578,10,'2025-11-08',42,6),(579,10,'2025-09-15',42,6),(580,6,'2025-09-25',42,5),(581,5,'2025-11-18',42,5),(582,6,'2025-11-16',42,5),(583,10,'2026-01-11',42,4),(584,7,'2025-09-29',42,4),(585,6,'2025-11-04',42,4),(586,5,'2026-01-09',42,9),(587,9,'2025-12-01',42,9),(588,9,'2025-11-12',42,9),(589,7,'2025-11-08',42,3),(590,7,'2025-10-06',42,3),(591,8,'2025-10-30',42,3),(592,6,'2025-11-23',42,10),(593,7,'2025-11-19',42,10),(594,6,'2025-10-11',42,10),(595,6,'2025-10-16',42,2),(596,5,'2025-09-15',42,2),(597,10,'2025-12-08',42,2),(598,10,'2025-10-21',42,1),(599,9,'2025-11-02',42,1),(600,9,'2025-09-17',42,1),(601,8,'2025-12-16',50,8),(602,6,'2025-11-03',50,8),(603,6,'2025-12-29',50,8),(604,5,'2025-09-24',50,7),(605,7,'2025-11-17',50,7),(606,5,'2025-10-31',50,7),(607,5,'2025-11-24',50,6),(608,10,'2025-11-26',50,6),(609,6,'2025-10-18',50,6),(610,5,'2025-12-17',50,5),(611,10,'2025-10-25',50,5),(612,9,'2025-10-29',50,5),(613,10,'2025-09-26',50,4),(614,8,'2025-11-07',50,4),(615,9,'2025-11-20',50,4),(616,9,'2025-11-12',50,9),(617,6,'2025-10-24',50,9),(618,8,'2025-12-17',50,9),(619,5,'2026-01-03',50,3),(620,10,'2025-11-18',50,3),(621,7,'2026-01-03',50,3),(622,10,'2025-11-23',50,10),(623,6,'2025-12-10',50,10),(624,7,'2025-11-10',50,10),(625,6,'2025-11-07',50,2),(626,5,'2025-10-08',50,2),(627,9,'2025-12-08',50,2),(628,6,'2025-11-24',50,1),(629,6,'2025-12-19',50,1),(630,5,'2025-12-27',50,1),(631,6,'2025-10-16',58,8),(632,5,'2025-10-07',58,8),(633,5,'2025-10-12',58,8),(634,9,'2025-11-29',58,7),(635,8,'2026-01-02',58,7),(636,8,'2025-12-03',58,7),(637,5,'2025-10-25',58,6),(638,10,'2025-11-02',58,6),(639,6,'2025-12-12',58,6),(640,9,'2025-10-21',58,5),(641,7,'2025-09-25',58,5),(642,7,'2026-01-08',58,5),(643,5,'2025-11-13',58,4),(644,6,'2025-12-06',58,4),(645,5,'2025-11-26',58,4),(646,9,'2025-10-19',58,9),(647,6,'2025-09-18',58,9),(648,6,'2025-09-15',58,9),(649,7,'2025-12-28',58,3),(650,7,'2025-11-11',58,3),(651,7,'2025-10-20',58,3),(652,5,'2025-10-26',58,10),(653,9,'2025-12-29',58,10),(654,5,'2025-11-29',58,10),(655,7,'2026-01-07',58,2),(656,10,'2025-11-18',58,2),(657,8,'2025-11-19',58,2),(658,8,'2025-11-16',58,1),(659,9,'2026-01-11',58,1),(660,10,'2025-10-01',58,1),(661,7,'2025-11-29',66,8),(662,9,'2025-12-10',66,8),(663,7,'2025-09-26',66,8),(664,7,'2025-10-22',66,7),(665,5,'2025-09-15',66,7),(666,10,'2025-10-25',66,7),(667,8,'2025-10-31',66,6),(668,8,'2025-10-18',66,6),(669,5,'2025-12-25',66,6),(670,8,'2025-11-12',66,5),(671,9,'2025-11-29',66,5),(672,7,'2025-12-01',66,5),(673,6,'2025-11-30',66,4),(674,10,'2025-10-13',66,4),(675,10,'2025-12-28',66,4),(676,5,'2025-10-25',66,9),(677,6,'2025-11-24',66,9),(678,6,'2025-10-08',66,9),(679,7,'2025-10-29',66,3),(680,10,'2025-10-28',66,3),(681,7,'2025-11-23',66,3),(682,9,'2025-11-30',66,10),(683,8,'2026-01-03',66,10),(684,7,'2025-12-24',66,10),(685,7,'2025-12-02',66,2),(686,8,'2026-01-01',66,2),(687,8,'2025-10-22',66,2),(688,9,'2025-12-10',66,1),(689,7,'2025-12-29',66,1),(690,7,'2025-10-07',66,1),(691,9,'2025-11-27',74,8),(692,8,'2026-01-12',74,8),(693,5,'2025-10-29',74,8),(694,9,'2025-09-29',74,7),(695,5,'2026-01-05',74,7),(696,10,'2025-12-16',74,7),(697,8,'2025-09-28',74,6),(698,10,'2025-10-19',74,6),(699,10,'2025-11-12',74,6),(700,9,'2025-12-10',74,5),(701,5,'2025-10-19',74,5),(702,6,'2025-09-15',74,5),(703,6,'2025-11-07',74,4),(704,9,'2025-11-16',74,4),(705,10,'2025-12-27',74,4),(706,10,'2025-12-08',74,9),(707,8,'2025-11-25',74,9),(708,5,'2026-01-10',74,9),(709,10,'2025-10-22',74,3),(710,8,'2025-09-22',74,3),(711,10,'2025-11-08',74,3),(712,5,'2026-01-08',74,10),(713,9,'2025-10-22',74,10),(714,6,'2025-10-05',74,10),(715,8,'2025-11-14',74,2),(716,9,'2025-09-23',74,2),(717,8,'2025-12-24',74,2),(718,5,'2025-10-15',74,1),(719,8,'2025-10-15',74,1),(720,10,'2025-11-19',74,1),(721,7,'2025-09-24',82,8),(722,6,'2025-11-18',82,8),(723,8,'2025-11-21',82,8),(724,8,'2025-12-20',82,7),(725,7,'2025-10-21',82,7),(726,5,'2025-11-19',82,7),(727,10,'2025-12-04',82,6),(728,9,'2025-12-28',82,6),(729,6,'2025-11-05',82,6),(730,6,'2025-10-16',82,5),(731,9,'2025-10-09',82,5),(732,8,'2025-11-18',82,5),(733,8,'2025-11-03',82,4),(734,5,'2025-09-16',82,4),(735,7,'2025-11-20',82,4),(736,9,'2025-10-25',82,9),(737,10,'2025-11-05',82,9),(738,5,'2025-09-27',82,9),(739,5,'2025-09-24',82,3),(740,6,'2025-11-20',82,3),(741,7,'2025-12-28',82,3),(742,5,'2025-11-26',82,10),(743,8,'2025-11-18',82,10),(744,9,'2025-12-24',82,10),(745,9,'2025-09-29',82,2),(746,7,'2025-12-04',82,2),(747,7,'2025-11-28',82,2),(748,7,'2025-12-21',82,1),(749,8,'2025-12-24',82,1),(750,6,'2025-11-20',82,1),(751,9,'2026-01-05',90,8),(752,6,'2025-12-28',90,8),(753,10,'2025-09-27',90,8),(754,10,'2025-09-25',90,7),(755,9,'2025-12-15',90,7),(756,9,'2025-12-05',90,7),(757,6,'2025-09-25',90,6),(758,5,'2025-11-19',90,6),(759,5,'2025-11-19',90,6),(760,9,'2025-11-04',90,5),(761,8,'2025-09-26',90,5),(762,10,'2025-09-24',90,5),(763,10,'2025-11-20',90,4),(764,9,'2025-12-22',90,4),(765,9,'2025-12-07',90,4),(766,6,'2025-12-23',90,9),(767,6,'2025-11-11',90,9),(768,10,'2025-12-02',90,9),(769,9,'2025-10-02',90,3),(770,10,'2025-12-28',90,3),(771,9,'2025-10-14',90,3),(772,6,'2025-12-19',90,10),(773,5,'2026-01-06',90,10),(774,10,'2025-12-16',90,10),(775,8,'2025-09-27',90,2),(776,10,'2025-09-24',90,2),(777,10,'2025-11-13',90,2),(778,10,'2025-12-19',90,1),(779,6,'2025-12-01',90,1),(780,6,'2025-09-26',90,1),(781,10,'2026-01-09',98,8),(782,6,'2025-12-04',98,8),(783,9,'2026-01-11',98,8),(784,9,'2025-12-07',98,7),(785,8,'2025-10-28',98,7),(786,9,'2025-11-23',98,7),(787,5,'2025-12-18',98,6),(788,9,'2025-12-06',98,6),(789,6,'2025-09-18',98,6),(790,6,'2025-10-30',98,5),(791,6,'2025-12-28',98,5),(792,5,'2025-10-13',98,5),(793,9,'2025-11-27',98,4),(794,9,'2025-11-08',98,4),(795,7,'2025-10-07',98,4),(796,8,'2025-11-08',98,9),(797,10,'2025-12-31',98,9),(798,8,'2025-09-16',98,9),(799,10,'2025-10-06',98,3),(800,6,'2025-10-18',98,3),(801,10,'2025-12-04',98,3),(802,10,'2025-10-07',98,10),(803,6,'2025-11-16',98,10),(804,9,'2025-10-20',98,10),(805,5,'2025-12-30',98,2),(806,7,'2025-09-30',98,2),(807,5,'2025-11-21',98,2),(808,5,'2025-11-16',98,1),(809,10,'2025-12-16',98,1),(810,7,'2026-01-09',98,1),(811,5,'2025-11-15',106,8),(812,5,'2025-09-20',106,8),(813,8,'2025-10-19',106,8),(814,5,'2025-09-20',106,7),(815,9,'2025-10-22',106,7),(816,6,'2025-11-11',106,7),(817,8,'2025-10-22',106,6),(818,7,'2025-12-07',106,6),(819,5,'2025-11-01',106,6),(820,9,'2025-10-10',106,5),(821,9,'2025-11-05',106,5),(822,7,'2025-10-25',106,5),(823,10,'2025-11-23',106,4),(824,7,'2026-01-12',106,4),(825,9,'2025-12-03',106,4),(826,9,'2025-12-01',106,9),(827,9,'2025-10-28',106,9),(828,10,'2025-09-17',106,9),(829,10,'2025-10-03',106,3),(830,7,'2025-12-15',106,3),(831,5,'2025-09-20',106,3),(832,7,'2025-09-18',106,10),(833,9,'2025-09-30',106,10),(834,5,'2025-10-15',106,10),(835,8,'2025-11-26',106,2),(836,7,'2025-10-08',106,2),(837,9,'2025-10-27',106,2),(838,9,'2026-01-09',106,1),(839,9,'2025-10-06',106,1),(840,9,'2025-12-01',106,1),(841,7,'2025-11-30',114,8),(842,7,'2025-10-28',114,8),(843,5,'2025-10-06',114,8),(844,8,'2025-10-02',114,7),(845,6,'2025-10-10',114,7),(846,5,'2025-12-01',114,7),(847,6,'2025-11-02',114,6),(848,10,'2025-12-24',114,6),(849,9,'2025-10-24',114,6),(850,10,'2025-11-28',114,5),(851,6,'2025-12-22',114,5),(852,5,'2025-09-19',114,5),(853,8,'2025-10-23',114,4),(854,10,'2025-12-09',114,4),(855,10,'2025-11-30',114,4),(856,6,'2025-12-01',114,9),(857,10,'2025-11-23',114,9),(858,7,'2025-10-12',114,9),(859,8,'2025-10-03',114,3),(860,7,'2025-12-22',114,3),(861,10,'2025-10-02',114,3),(862,8,'2025-11-05',114,10),(863,10,'2025-12-26',114,10),(864,9,'2025-11-04',114,10),(865,7,'2025-10-26',114,2),(866,10,'2025-12-08',114,2),(867,10,'2025-10-16',114,2),(868,10,'2025-11-30',114,1),(869,5,'2025-12-06',114,1),(870,6,'2025-11-06',114,1),(871,10,'2025-09-27',122,8),(872,9,'2025-09-20',122,8),(873,8,'2025-12-30',122,8),(874,9,'2025-11-16',122,7),(875,5,'2026-01-07',122,7),(876,10,'2025-10-27',122,7),(877,7,'2025-10-08',122,6),(878,10,'2025-11-11',122,6),(879,8,'2025-10-25',122,6),(880,7,'2025-09-29',122,5),(881,6,'2025-10-07',122,5),(882,6,'2025-11-15',122,5),(883,10,'2025-09-16',122,4),(884,6,'2025-12-08',122,4),(885,9,'2025-10-18',122,4),(886,7,'2025-09-16',122,9),(887,8,'2025-12-04',122,9),(888,8,'2025-12-05',122,9),(889,8,'2025-12-30',122,3),(890,9,'2025-12-08',122,3),(891,6,'2025-10-31',122,3),(892,5,'2025-09-22',122,10),(893,6,'2025-12-03',122,10),(894,10,'2025-09-23',122,10),(895,9,'2025-11-01',122,2),(896,5,'2025-12-21',122,2),(897,10,'2026-01-02',122,2),(898,8,'2026-01-07',122,1),(899,6,'2026-01-08',122,1),(900,7,'2025-12-03',122,1),(901,6,'2026-01-10',9,8),(902,7,'2025-11-29',9,8),(903,7,'2025-09-29',9,8),(904,6,'2025-12-08',9,7),(905,10,'2025-10-09',9,7),(906,5,'2025-11-23',9,7),(907,8,'2025-10-05',9,6),(908,6,'2026-01-11',9,6),(909,5,'2025-10-19',9,6),(910,5,'2025-11-21',9,5),(911,10,'2025-09-21',9,5),(912,6,'2026-01-12',9,5),(913,8,'2025-10-28',9,4),(914,8,'2026-01-02',9,4),(915,8,'2025-09-20',9,4),(916,10,'2025-12-06',9,9),(917,5,'2025-11-29',9,9),(918,9,'2025-12-10',9,9),(919,7,'2025-09-24',9,3),(920,8,'2025-09-15',9,3),(921,6,'2025-11-06',9,3),(922,10,'2025-10-15',9,10),(923,5,'2026-01-05',9,10),(924,5,'2025-11-12',9,10),(925,5,'2025-12-26',9,2),(926,6,'2025-12-22',9,2),(927,10,'2026-01-07',9,2),(928,7,'2025-12-17',9,1),(929,9,'2025-10-13',9,1),(930,9,'2025-11-15',9,1),(931,5,'2025-12-01',17,8),(932,6,'2025-11-23',17,8),(933,6,'2025-10-12',17,8),(934,6,'2025-10-09',17,7),(935,7,'2025-12-10',17,7),(936,7,'2026-01-01',17,7),(937,6,'2025-12-11',17,6),(938,7,'2025-12-08',17,6),(939,6,'2025-12-30',17,6),(940,10,'2025-11-14',17,5),(941,8,'2025-11-16',17,5),(942,8,'2025-10-29',17,5),(943,6,'2025-10-25',17,4),(944,7,'2025-09-30',17,4),(945,6,'2025-10-26',17,4),(946,8,'2025-10-30',17,9),(947,8,'2025-09-21',17,9),(948,5,'2025-12-04',17,9),(949,8,'2025-10-22',17,3),(950,10,'2025-12-20',17,3),(951,7,'2025-11-07',17,3),(952,7,'2025-10-24',17,10),(953,10,'2025-10-04',17,10),(954,6,'2025-10-08',17,10),(955,6,'2025-10-11',17,2),(956,6,'2025-11-05',17,2),(957,6,'2025-09-29',17,2),(958,7,'2025-11-14',17,1),(959,6,'2025-11-01',17,1),(960,7,'2026-01-07',17,1),(961,5,'2025-11-26',25,8),(962,8,'2025-12-29',25,8),(963,8,'2025-10-10',25,8),(964,5,'2025-10-01',25,7),(965,5,'2025-12-16',25,7),(966,8,'2025-11-02',25,7),(967,5,'2025-12-06',25,6),(968,8,'2025-10-29',25,6),(969,8,'2026-01-07',25,6),(970,7,'2025-12-19',25,5),(971,8,'2025-11-22',25,5),(972,6,'2025-12-03',25,5),(973,9,'2025-10-31',25,4),(974,10,'2025-10-30',25,4),(975,7,'2025-12-17',25,4),(976,10,'2025-10-22',25,9),(977,9,'2026-01-02',25,9),(978,10,'2025-11-26',25,9),(979,6,'2025-10-16',25,3),(980,5,'2025-11-22',25,3),(981,9,'2025-11-16',25,3),(982,5,'2025-12-08',25,10),(983,5,'2025-12-01',25,10),(984,8,'2026-01-11',25,10),(985,6,'2025-12-31',25,2),(986,9,'2025-10-03',25,2),(987,9,'2025-12-20',25,2),(988,9,'2026-01-06',25,1),(989,5,'2025-12-16',25,1),(990,10,'2025-09-20',25,1),(991,10,'2025-12-31',33,8),(992,8,'2025-11-30',33,8),(993,6,'2025-09-29',33,8),(994,9,'2025-11-17',33,7),(995,10,'2026-01-05',33,7),(996,8,'2025-09-17',33,7),(997,5,'2026-01-04',33,6),(998,6,'2025-11-20',33,6),(999,6,'2025-10-08',33,6),(1000,7,'2025-12-01',33,5),(1001,9,'2025-11-10',33,5),(1002,7,'2025-10-09',33,5),(1003,8,'2025-11-25',33,4),(1004,7,'2025-11-13',33,4),(1005,7,'2025-09-19',33,4),(1006,6,'2025-10-21',33,9),(1007,8,'2025-10-30',33,9),(1008,7,'2025-11-20',33,9),(1009,10,'2025-09-21',33,3),(1010,5,'2025-09-22',33,3),(1011,6,'2025-12-07',33,3),(1012,10,'2025-12-04',33,10),(1013,5,'2025-11-08',33,10),(1014,7,'2025-11-22',33,10),(1015,10,'2025-12-21',33,2),(1016,6,'2025-10-16',33,2),(1017,10,'2025-12-12',33,2),(1018,8,'2025-11-28',33,1),(1019,10,'2025-10-03',33,1),(1020,6,'2025-10-17',33,1),(1021,10,'2025-12-14',41,8),(1022,8,'2026-01-05',41,8),(1023,8,'2026-01-12',41,8),(1024,5,'2025-11-19',41,7),(1025,10,'2025-11-04',41,7),(1026,10,'2025-09-29',41,7),(1027,8,'2025-11-16',41,6),(1028,8,'2025-12-25',41,6),(1029,6,'2025-10-28',41,6),(1030,8,'2025-10-20',41,5),(1031,10,'2025-10-21',41,5),(1032,8,'2025-10-06',41,5),(1033,7,'2025-11-24',41,4),(1034,10,'2025-11-24',41,4),(1035,6,'2026-01-03',41,4),(1036,8,'2025-10-07',41,9),(1037,6,'2025-10-22',41,9),(1038,9,'2025-10-16',41,9),(1039,7,'2025-09-29',41,3),(1040,5,'2025-09-16',41,3),(1041,8,'2025-09-26',41,3),(1042,9,'2025-12-10',41,10),(1043,5,'2025-12-21',41,10),(1044,10,'2025-12-30',41,10),(1045,9,'2025-11-22',41,2),(1046,10,'2025-12-30',41,2),(1047,10,'2025-12-07',41,2),(1048,9,'2025-10-06',41,1),(1049,10,'2025-09-29',41,1),(1050,9,'2025-12-06',41,1),(1051,6,'2025-09-19',49,8),(1052,6,'2025-11-20',49,8),(1053,7,'2025-10-06',49,8),(1054,9,'2025-11-09',49,7),(1055,6,'2025-09-26',49,7),(1056,8,'2025-11-27',49,7),(1057,5,'2025-12-28',49,6),(1058,7,'2025-09-22',49,6),(1059,6,'2025-10-15',49,6),(1060,9,'2025-10-14',49,5),(1061,7,'2025-11-06',49,5),(1062,9,'2025-09-25',49,5),(1063,7,'2025-12-06',49,4),(1064,6,'2025-10-18',49,4),(1065,8,'2025-09-22',49,4),(1066,9,'2025-12-16',49,9),(1067,9,'2025-09-16',49,9),(1068,9,'2025-10-29',49,9),(1069,10,'2026-01-09',49,3),(1070,6,'2025-09-29',49,3),(1071,9,'2025-11-17',49,3),(1072,10,'2026-01-04',49,10),(1073,8,'2026-01-10',49,10),(1074,5,'2025-10-16',49,10),(1075,6,'2025-09-25',49,2),(1076,10,'2025-10-16',49,2),(1077,5,'2025-10-08',49,2),(1078,5,'2025-10-27',49,1),(1079,6,'2025-09-19',49,1),(1080,6,'2025-11-21',49,1),(1081,7,'2025-10-29',57,8),(1082,10,'2026-01-07',57,8),(1083,6,'2025-12-16',57,8),(1084,6,'2025-09-25',57,7),(1085,8,'2025-12-14',57,7),(1086,7,'2025-11-18',57,7),(1087,5,'2025-10-28',57,6),(1088,5,'2025-10-02',57,6),(1089,9,'2025-11-03',57,6),(1090,7,'2025-11-24',57,5),(1091,9,'2025-11-07',57,5),(1092,7,'2025-10-05',57,5),(1093,9,'2025-10-04',57,4),(1094,6,'2025-11-30',57,4),(1095,6,'2025-11-24',57,4),(1096,5,'2025-11-09',57,9),(1097,6,'2025-11-21',57,9),(1098,8,'2025-11-13',57,9),(1099,10,'2025-10-21',57,3),(1100,10,'2025-10-26',57,3),(1101,7,'2025-12-19',57,3),(1102,9,'2025-09-24',57,10),(1103,8,'2025-10-14',57,10),(1104,6,'2026-01-07',57,10),(1105,7,'2026-01-12',57,2),(1106,9,'2025-10-24',57,2),(1107,5,'2025-10-10',57,2),(1108,7,'2025-09-19',57,1),(1109,7,'2026-01-02',57,1),(1110,6,'2025-12-30',57,1),(1111,9,'2025-12-14',65,8),(1112,5,'2025-10-13',65,8),(1113,7,'2025-12-19',65,8),(1114,8,'2025-09-18',65,7),(1115,6,'2025-10-24',65,7),(1116,7,'2025-09-18',65,7),(1117,8,'2025-11-26',65,6),(1118,10,'2025-10-07',65,6),(1119,5,'2025-10-07',65,6),(1120,10,'2025-12-17',65,5),(1121,6,'2025-09-26',65,5),(1122,8,'2025-12-27',65,5),(1123,10,'2025-11-20',65,4),(1124,7,'2025-12-05',65,4),(1125,8,'2026-01-08',65,4),(1126,7,'2025-10-14',65,9),(1127,9,'2026-01-02',65,9),(1128,7,'2025-09-24',65,9),(1129,6,'2025-10-27',65,3),(1130,7,'2025-09-19',65,3),(1131,9,'2025-11-19',65,3),(1132,6,'2026-01-12',65,10),(1133,6,'2025-09-15',65,10),(1134,7,'2025-09-27',65,10),(1135,7,'2026-01-11',65,2),(1136,5,'2025-12-27',65,2),(1137,8,'2025-11-10',65,2),(1138,10,'2025-10-08',65,1),(1139,7,'2025-11-11',65,1),(1140,7,'2025-10-17',65,1),(1141,6,'2026-01-04',73,8),(1142,8,'2025-10-12',73,8),(1143,5,'2026-01-08',73,8),(1144,10,'2025-10-19',73,7),(1145,8,'2025-12-20',73,7),(1146,10,'2025-12-03',73,7),(1147,9,'2025-11-02',73,6),(1148,9,'2025-12-13',73,6),(1149,10,'2025-11-10',73,6),(1150,5,'2025-10-13',73,5),(1151,8,'2025-10-17',73,5),(1152,10,'2025-09-16',73,5),(1153,7,'2025-12-18',73,4),(1154,9,'2025-12-29',73,4),(1155,7,'2025-12-03',73,4),(1156,9,'2025-12-02',73,9),(1157,9,'2025-11-16',73,9),(1158,6,'2026-01-06',73,9),(1159,7,'2025-10-25',73,3),(1160,6,'2025-12-30',73,3),(1161,10,'2025-12-15',73,3),(1162,7,'2025-11-26',73,10),(1163,9,'2025-11-17',73,10),(1164,6,'2025-11-21',73,10),(1165,8,'2025-09-18',73,2),(1166,10,'2025-11-03',73,2),(1167,6,'2025-11-18',73,2),(1168,8,'2025-11-13',73,1),(1169,9,'2025-11-21',73,1),(1170,9,'2025-10-07',73,1),(1171,8,'2025-11-13',81,8),(1172,9,'2025-12-08',81,8),(1173,6,'2025-12-28',81,8),(1174,5,'2025-10-18',81,7),(1175,8,'2025-10-30',81,7),(1176,7,'2025-12-18',81,7),(1177,9,'2025-11-20',81,6),(1178,9,'2025-10-27',81,6),(1179,9,'2025-12-25',81,6),(1180,6,'2025-12-30',81,5),(1181,8,'2025-10-12',81,5),(1182,5,'2025-10-22',81,5),(1183,7,'2025-12-30',81,4),(1184,6,'2025-09-27',81,4),(1185,9,'2026-01-07',81,4),(1186,10,'2025-10-05',81,9),(1187,5,'2025-12-07',81,9),(1188,5,'2025-12-05',81,9),(1189,7,'2025-12-08',81,3),(1190,5,'2025-10-15',81,3),(1191,7,'2025-11-10',81,3),(1192,8,'2025-12-09',81,10),(1193,9,'2025-10-16',81,10),(1194,8,'2025-11-28',81,10),(1195,6,'2025-11-10',81,2),(1196,8,'2025-10-26',81,2),(1197,6,'2025-10-21',81,2),(1198,7,'2025-12-14',81,1),(1199,10,'2025-11-20',81,1),(1200,9,'2025-12-18',81,1),(1201,10,'2026-01-08',89,8),(1202,7,'2025-10-04',89,8),(1203,5,'2025-11-07',89,8),(1204,9,'2025-09-24',89,7),(1205,7,'2025-11-11',89,7),(1206,6,'2025-11-08',89,7),(1207,5,'2025-10-18',89,6),(1208,7,'2025-10-04',89,6),(1209,10,'2025-12-04',89,6),(1210,9,'2025-10-22',89,5),(1211,6,'2026-01-01',89,5),(1212,9,'2025-11-05',89,5),(1213,8,'2026-01-03',89,4),(1214,9,'2025-12-02',89,4),(1215,8,'2025-10-11',89,4),(1216,6,'2025-10-12',89,9),(1217,6,'2025-10-31',89,9),(1218,7,'2025-10-27',89,9),(1219,9,'2025-10-05',89,3),(1220,10,'2025-09-30',89,3),(1221,9,'2026-01-06',89,3),(1222,5,'2025-12-11',89,10),(1223,5,'2025-10-23',89,10),(1224,5,'2025-11-28',89,10),(1225,8,'2025-12-25',89,2),(1226,9,'2025-11-22',89,2),(1227,9,'2025-10-13',89,2),(1228,7,'2025-10-29',89,1),(1229,10,'2026-01-05',89,1),(1230,6,'2025-11-15',89,1),(1231,7,'2025-10-21',97,8),(1232,6,'2025-10-04',97,8),(1233,8,'2025-10-25',97,8),(1234,7,'2026-01-02',97,7),(1235,6,'2025-10-18',97,7),(1236,5,'2025-09-22',97,7),(1237,8,'2025-12-08',97,6),(1238,8,'2025-12-22',97,6),(1239,5,'2025-10-08',97,6),(1240,9,'2025-10-27',97,5),(1241,9,'2025-09-15',97,5),(1242,8,'2025-12-30',97,5),(1243,9,'2025-12-19',97,4),(1244,10,'2025-09-27',97,4),(1245,9,'2025-12-30',97,4),(1246,6,'2025-12-26',97,9),(1247,9,'2025-10-17',97,9),(1248,5,'2025-11-08',97,9),(1249,6,'2025-10-09',97,3),(1250,5,'2025-12-17',97,3),(1251,9,'2025-09-16',97,3),(1252,9,'2025-09-30',97,10),(1253,5,'2025-11-07',97,10),(1254,9,'2025-10-11',97,10),(1255,9,'2025-10-15',97,2),(1256,6,'2025-12-24',97,2),(1257,10,'2025-11-29',97,2),(1258,10,'2025-10-27',97,1),(1259,7,'2025-10-04',97,1),(1260,5,'2026-01-03',97,1),(1261,5,'2026-01-05',105,8),(1262,5,'2025-11-29',105,8),(1263,8,'2025-11-15',105,8),(1264,10,'2025-09-23',105,7),(1265,5,'2025-12-07',105,7),(1266,7,'2025-11-28',105,7),(1267,8,'2025-11-25',105,6),(1268,8,'2025-12-03',105,6),(1269,5,'2025-10-20',105,6),(1270,5,'2025-12-08',105,5),(1271,6,'2025-11-30',105,5),(1272,5,'2025-12-16',105,5),(1273,10,'2025-12-29',105,4),(1274,9,'2025-12-19',105,4),(1275,10,'2025-10-04',105,4),(1276,8,'2026-01-02',105,9),(1277,10,'2025-12-21',105,9),(1278,6,'2025-10-24',105,9),(1279,8,'2025-12-27',105,3),(1280,9,'2025-11-03',105,3),(1281,8,'2025-09-25',105,3),(1282,10,'2026-01-10',105,10),(1283,6,'2025-12-20',105,10),(1284,6,'2025-11-06',105,10),(1285,5,'2025-09-26',105,2),(1286,5,'2025-12-31',105,2),(1287,5,'2025-09-24',105,2),(1288,7,'2025-11-05',105,1),(1289,7,'2025-11-13',105,1),(1290,6,'2025-11-19',105,1),(1291,9,'2026-01-10',113,8),(1292,5,'2025-12-10',113,8),(1293,6,'2025-12-28',113,8),(1294,5,'2025-09-28',113,7),(1295,6,'2025-10-19',113,7),(1296,9,'2025-11-09',113,7),(1297,7,'2025-10-16',113,6),(1298,6,'2025-12-13',113,6),(1299,7,'2025-12-20',113,6),(1300,9,'2025-11-15',113,5),(1301,10,'2025-11-18',113,5),(1302,7,'2025-11-23',113,5),(1303,5,'2025-10-02',113,4),(1304,6,'2025-11-26',113,4),(1305,7,'2025-10-04',113,4),(1306,10,'2025-11-23',113,9),(1307,5,'2025-11-26',113,9),(1308,8,'2025-10-13',113,9),(1309,5,'2025-09-29',113,3),(1310,6,'2025-10-06',113,3),(1311,6,'2025-10-18',113,3),(1312,10,'2025-12-07',113,10),(1313,10,'2025-12-09',113,10),(1314,10,'2025-10-16',113,10),(1315,10,'2025-11-18',113,2),(1316,7,'2026-01-03',113,2),(1317,10,'2025-11-26',113,2),(1318,6,'2025-10-06',113,1),(1319,8,'2026-01-03',113,1),(1320,10,'2026-01-01',113,1),(1321,10,'2025-12-29',121,8),(1322,10,'2025-11-15',121,8),(1323,8,'2026-01-03',121,8),(1324,10,'2026-01-04',121,7),(1325,9,'2025-10-17',121,7),(1326,6,'2025-12-23',121,7),(1327,5,'2025-10-15',121,6),(1328,8,'2025-11-03',121,6),(1329,6,'2025-11-23',121,6),(1330,7,'2025-10-25',121,5),(1331,6,'2025-10-01',121,5),(1332,9,'2025-11-21',121,5),(1333,9,'2025-11-02',121,4),(1334,8,'2025-11-24',121,4),(1335,5,'2025-11-27',121,4),(1336,8,'2025-10-31',121,9),(1337,7,'2025-12-18',121,9),(1338,10,'2025-11-05',121,9),(1339,6,'2025-09-26',121,3),(1340,8,'2026-01-12',121,3),(1341,7,'2025-09-23',121,3),(1342,7,'2025-10-31',121,10),(1343,8,'2025-12-03',121,10),(1344,9,'2025-09-24',121,10),(1345,6,'2025-11-13',121,2),(1346,9,'2025-12-17',121,2),(1347,10,'2025-10-29',121,2),(1348,8,'2026-01-10',121,1),(1349,7,'2025-10-15',121,1),(1350,8,'2025-09-25',121,1),(1351,9,'2025-10-18',8,8),(1352,8,'2025-11-23',8,8),(1353,8,'2025-11-19',8,8),(1354,8,'2025-09-27',8,7),(1355,8,'2025-09-19',8,7),(1356,6,'2025-12-12',8,7),(1357,8,'2025-12-15',8,6),(1358,7,'2025-12-15',8,6),(1359,5,'2025-11-27',8,6),(1360,10,'2025-12-26',8,5),(1361,5,'2025-12-06',8,5),(1362,5,'2025-10-23',8,5),(1363,5,'2025-12-29',8,4),(1364,8,'2025-12-23',8,4),(1365,7,'2025-12-24',8,4),(1366,9,'2025-11-17',8,9),(1367,10,'2025-11-09',8,9),(1368,9,'2026-01-10',8,9),(1369,10,'2025-11-03',8,3),(1370,5,'2025-09-22',8,3),(1371,6,'2025-11-12',8,3),(1372,9,'2025-12-09',8,10),(1373,5,'2025-09-25',8,10),(1374,5,'2025-10-16',8,10),(1375,7,'2025-10-16',8,2),(1376,8,'2025-11-19',8,2),(1377,9,'2025-09-16',8,2),(1378,10,'2025-10-28',8,1),(1379,7,'2025-12-22',8,1),(1380,8,'2025-10-26',8,1),(1381,7,'2025-09-27',16,8),(1382,7,'2025-12-24',16,8),(1383,9,'2025-09-15',16,8),(1384,10,'2025-11-21',16,7),(1385,8,'2025-11-21',16,7),(1386,8,'2025-12-12',16,7),(1387,9,'2025-12-31',16,6),(1388,6,'2025-11-06',16,6),(1389,6,'2025-10-08',16,6),(1390,5,'2025-12-13',16,5),(1391,10,'2025-11-03',16,5),(1392,7,'2025-09-26',16,5),(1393,7,'2025-10-09',16,4),(1394,7,'2026-01-06',16,4),(1395,9,'2025-10-11',16,4),(1396,8,'2025-11-25',16,9),(1397,7,'2025-10-19',16,9),(1398,7,'2025-10-05',16,9),(1399,10,'2025-12-03',16,3),(1400,9,'2025-09-17',16,3),(1401,7,'2025-11-13',16,3),(1402,5,'2025-10-17',16,10),(1403,8,'2025-11-28',16,10),(1404,7,'2025-10-27',16,10),(1405,5,'2025-10-06',16,2),(1406,8,'2025-10-16',16,2),(1407,9,'2025-10-20',16,2),(1408,6,'2025-10-15',16,1),(1409,6,'2025-10-05',16,1),(1410,7,'2025-09-18',16,1),(1411,7,'2025-09-15',24,8),(1412,9,'2025-12-27',24,8),(1413,6,'2025-10-20',24,8),(1414,10,'2025-12-24',24,7),(1415,6,'2025-10-12',24,7),(1416,5,'2025-12-17',24,7),(1417,9,'2025-12-21',24,6),(1418,8,'2025-10-30',24,6),(1419,6,'2025-12-28',24,6),(1420,5,'2025-10-10',24,5),(1421,9,'2025-10-12',24,5),(1422,7,'2025-11-02',24,5),(1423,10,'2025-11-27',24,4),(1424,7,'2025-09-22',24,4),(1425,7,'2025-11-30',24,4),(1426,8,'2025-11-19',24,9),(1427,9,'2025-12-05',24,9),(1428,7,'2026-01-06',24,9),(1429,5,'2026-01-06',24,3),(1430,5,'2025-10-26',24,3),(1431,9,'2025-10-04',24,3),(1432,10,'2026-01-03',24,10),(1433,8,'2025-09-24',24,10),(1434,9,'2025-10-16',24,10),(1435,8,'2025-10-16',24,2),(1436,10,'2025-11-20',24,2),(1437,7,'2025-10-10',24,2),(1438,8,'2025-09-24',24,1),(1439,8,'2025-11-20',24,1),(1440,6,'2025-12-21',24,1),(1441,5,'2025-11-10',32,8),(1442,8,'2025-11-27',32,8),(1443,5,'2025-10-28',32,8),(1444,9,'2025-10-26',32,7),(1445,5,'2025-11-01',32,7),(1446,9,'2025-11-06',32,7),(1447,9,'2025-12-02',32,6),(1448,6,'2025-11-20',32,6),(1449,7,'2025-11-30',32,6),(1450,9,'2025-09-29',32,5),(1451,5,'2025-11-22',32,5),(1452,5,'2025-12-06',32,5),(1453,6,'2026-01-03',32,4),(1454,9,'2025-10-31',32,4),(1455,9,'2026-01-11',32,4),(1456,9,'2025-10-20',32,9),(1457,6,'2025-12-05',32,9),(1458,9,'2025-10-10',32,9),(1459,9,'2025-09-15',32,3),(1460,10,'2025-09-25',32,3),(1461,8,'2025-12-04',32,3),(1462,9,'2026-01-07',32,10),(1463,9,'2025-09-20',32,10),(1464,6,'2025-10-24',32,10),(1465,7,'2025-12-15',32,2),(1466,9,'2025-11-26',32,2),(1467,8,'2025-11-25',32,2),(1468,7,'2025-12-23',32,1),(1469,7,'2025-11-07',32,1),(1470,8,'2026-01-06',32,1),(1471,8,'2026-01-06',40,8),(1472,7,'2025-11-11',40,8),(1473,8,'2025-11-18',40,8),(1474,7,'2026-01-02',40,7),(1475,10,'2025-11-11',40,7),(1476,9,'2026-01-03',40,7),(1477,6,'2025-10-06',40,6),(1478,7,'2025-10-04',40,6),(1479,9,'2025-11-06',40,6),(1480,7,'2025-12-20',40,5),(1481,10,'2025-11-01',40,5),(1482,8,'2025-10-14',40,5),(1483,6,'2025-10-06',40,4),(1484,7,'2025-10-13',40,4),(1485,7,'2026-01-01',40,4),(1486,5,'2025-09-25',40,9),(1487,7,'2025-11-13',40,9),(1488,6,'2025-11-28',40,9),(1489,7,'2025-10-27',40,3),(1490,6,'2025-09-27',40,3),(1491,10,'2025-12-28',40,3),(1492,9,'2025-12-01',40,10),(1493,8,'2025-10-29',40,10),(1494,8,'2025-10-19',40,10),(1495,5,'2025-09-21',40,2),(1496,9,'2025-11-10',40,2),(1497,8,'2025-11-08',40,2),(1498,10,'2025-11-05',40,1),(1499,6,'2025-09-24',40,1),(1500,8,'2025-12-03',40,1),(1501,9,'2026-01-01',48,8),(1502,5,'2025-10-16',48,8),(1503,9,'2025-12-16',48,8),(1504,5,'2025-10-25',48,7),(1505,5,'2025-11-04',48,7),(1506,8,'2026-01-07',48,7),(1507,8,'2025-11-02',48,6),(1508,7,'2025-09-26',48,6),(1509,7,'2025-10-13',48,6),(1510,6,'2025-12-03',48,5),(1511,9,'2025-11-09',48,5),(1512,8,'2025-12-28',48,5),(1513,5,'2025-10-25',48,4),(1514,6,'2025-11-21',48,4),(1515,6,'2025-12-04',48,4),(1516,8,'2025-12-04',48,9),(1517,8,'2025-12-06',48,9),(1518,8,'2026-01-09',48,9),(1519,7,'2025-10-18',48,3),(1520,8,'2025-11-20',48,3),(1521,8,'2025-09-26',48,3),(1522,8,'2025-12-15',48,10),(1523,7,'2025-11-29',48,10),(1524,8,'2025-10-01',48,10),(1525,8,'2026-01-06',48,2),(1526,9,'2025-12-17',48,2),(1527,5,'2025-10-15',48,2),(1528,7,'2025-12-25',48,1),(1529,7,'2025-12-08',48,1),(1530,7,'2025-12-26',48,1),(1531,8,'2025-12-21',56,8),(1532,7,'2025-12-24',56,8),(1533,9,'2025-11-27',56,8),(1534,8,'2025-09-28',56,7),(1535,8,'2025-11-27',56,7),(1536,5,'2025-12-02',56,7),(1537,7,'2025-12-23',56,6),(1538,8,'2025-12-29',56,6),(1539,5,'2025-10-12',56,6),(1540,9,'2025-11-04',56,5),(1541,8,'2026-01-11',56,5),(1542,7,'2026-01-02',56,5),(1543,6,'2025-11-05',56,4),(1544,7,'2025-09-18',56,4),(1545,10,'2025-11-25',56,4),(1546,7,'2025-09-17',56,9),(1547,8,'2025-09-23',56,9),(1548,10,'2025-09-29',56,9),(1549,8,'2025-12-05',56,3),(1550,9,'2025-12-29',56,3),(1551,5,'2025-11-18',56,3),(1552,9,'2025-10-27',56,10),(1553,9,'2025-12-22',56,10),(1554,7,'2025-11-02',56,10),(1555,9,'2025-10-22',56,2),(1556,7,'2025-10-12',56,2),(1557,9,'2025-11-26',56,2),(1558,9,'2025-10-26',56,1),(1559,10,'2025-09-28',56,1),(1560,8,'2025-09-20',56,1),(1561,6,'2025-12-19',64,8),(1562,7,'2025-12-06',64,8),(1563,7,'2026-01-09',64,8),(1564,10,'2025-10-19',64,7),(1565,9,'2025-12-08',64,7),(1566,7,'2025-12-11',64,7),(1567,5,'2025-11-17',64,6),(1568,6,'2025-11-12',64,6),(1569,10,'2025-11-20',64,6),(1570,6,'2025-10-02',64,5),(1571,8,'2025-12-24',64,5),(1572,6,'2025-11-30',64,5),(1573,6,'2025-11-14',64,4),(1574,8,'2025-12-18',64,4),(1575,7,'2025-11-06',64,4),(1576,7,'2025-10-18',64,9),(1577,6,'2025-10-17',64,9),(1578,5,'2025-12-02',64,9),(1579,7,'2026-01-11',64,3),(1580,10,'2025-12-22',64,3),(1581,7,'2025-12-18',64,3),(1582,5,'2025-11-22',64,10),(1583,5,'2025-12-20',64,10),(1584,9,'2025-10-01',64,10),(1585,6,'2025-10-28',64,2),(1586,7,'2025-12-10',64,2),(1587,5,'2025-11-04',64,2),(1588,8,'2025-11-15',64,1),(1589,7,'2025-09-16',64,1),(1590,7,'2025-11-16',64,1),(1591,10,'2025-12-19',72,8),(1592,6,'2025-10-31',72,8),(1593,6,'2025-10-07',72,8),(1594,5,'2025-09-30',72,7),(1595,5,'2025-12-20',72,7),(1596,7,'2025-09-29',72,7),(1597,10,'2026-01-11',72,6),(1598,6,'2025-11-30',72,6),(1599,10,'2025-10-22',72,6),(1600,8,'2025-10-08',72,5),(1601,6,'2025-12-25',72,5),(1602,10,'2025-10-20',72,5),(1603,5,'2025-09-20',72,4),(1604,9,'2025-10-02',72,4),(1605,5,'2025-11-07',72,4),(1606,9,'2025-10-09',72,9),(1607,10,'2025-12-20',72,9),(1608,6,'2025-11-12',72,9),(1609,10,'2025-09-17',72,3),(1610,6,'2026-01-09',72,3),(1611,8,'2025-10-14',72,3),(1612,5,'2026-01-07',72,10),(1613,5,'2025-12-30',72,10),(1614,7,'2025-10-17',72,10),(1615,7,'2025-10-04',72,2),(1616,10,'2025-11-28',72,2),(1617,10,'2025-10-21',72,2),(1618,8,'2025-10-04',72,1),(1619,7,'2025-10-31',72,1),(1620,9,'2025-12-24',72,1),(1621,7,'2025-10-31',80,8),(1622,9,'2025-12-23',80,8),(1623,7,'2025-10-22',80,8),(1624,5,'2025-11-11',80,7),(1625,6,'2025-10-10',80,7),(1626,5,'2025-12-15',80,7),(1627,9,'2025-12-01',80,6),(1628,7,'2025-10-25',80,6),(1629,6,'2025-11-28',80,6),(1630,5,'2025-12-05',80,5),(1631,6,'2025-11-03',80,5),(1632,5,'2025-11-28',80,5),(1633,9,'2025-10-04',80,4),(1634,9,'2025-11-15',80,4),(1635,5,'2025-10-23',80,4),(1636,6,'2025-11-06',80,9),(1637,10,'2025-10-31',80,9),(1638,7,'2025-11-15',80,9),(1639,5,'2025-10-11',80,3),(1640,9,'2025-11-23',80,3),(1641,10,'2026-01-12',80,3),(1642,7,'2025-12-13',80,10),(1643,10,'2025-10-10',80,10),(1644,6,'2025-10-22',80,10),(1645,9,'2025-09-18',80,2),(1646,7,'2025-12-17',80,2),(1647,9,'2025-11-17',80,2),(1648,10,'2025-09-28',80,1),(1649,10,'2025-10-20',80,1),(1650,10,'2025-11-29',80,1),(1651,6,'2025-10-13',88,8),(1652,6,'2025-12-26',88,8),(1653,10,'2025-09-21',88,8),(1654,5,'2025-11-06',88,7),(1655,8,'2025-12-16',88,7),(1656,7,'2025-12-02',88,7),(1657,8,'2025-11-15',88,6),(1658,10,'2026-01-01',88,6),(1659,9,'2025-11-21',88,6),(1660,10,'2025-11-18',88,5),(1661,7,'2025-10-07',88,5),(1662,9,'2025-12-05',88,5),(1663,6,'2025-10-21',88,4),(1664,7,'2025-12-01',88,4),(1665,6,'2025-11-21',88,4),(1666,6,'2025-12-23',88,9),(1667,10,'2025-11-29',88,9),(1668,10,'2025-11-18',88,9),(1669,8,'2025-11-25',88,3),(1670,7,'2025-11-07',88,3),(1671,9,'2025-10-07',88,3),(1672,10,'2025-11-19',88,10),(1673,7,'2025-12-01',88,10),(1674,9,'2025-10-29',88,10),(1675,10,'2025-10-12',88,2),(1676,5,'2025-09-26',88,2),(1677,7,'2025-12-04',88,2),(1678,7,'2026-01-10',88,1),(1679,10,'2025-11-08',88,1),(1680,10,'2026-01-02',88,1),(1681,8,'2025-10-10',96,8),(1682,5,'2025-12-14',96,8),(1683,10,'2025-11-08',96,8),(1684,5,'2025-12-23',96,7),(1685,7,'2025-11-26',96,7),(1686,10,'2025-09-15',96,7),(1687,7,'2025-12-12',96,6),(1688,10,'2025-12-29',96,6),(1689,8,'2025-09-20',96,6),(1690,9,'2026-01-05',96,5),(1691,10,'2025-11-03',96,5),(1692,5,'2025-11-10',96,5),(1693,7,'2025-09-30',96,4),(1694,10,'2025-10-23',96,4),(1695,10,'2025-12-26',96,4),(1696,6,'2025-10-28',96,9),(1697,8,'2025-10-06',96,9),(1698,7,'2025-10-05',96,9),(1699,9,'2025-12-04',96,3),(1700,7,'2025-10-04',96,3),(1701,5,'2025-09-27',96,3),(1702,6,'2025-11-13',96,10),(1703,9,'2025-11-17',96,10),(1704,10,'2025-11-25',96,10),(1705,5,'2025-11-28',96,2),(1706,8,'2025-10-29',96,2),(1707,7,'2025-11-10',96,2),(1708,6,'2025-11-26',96,1),(1709,7,'2025-10-11',96,1),(1710,9,'2025-12-10',96,1),(1711,6,'2025-12-16',104,8),(1712,8,'2025-10-01',104,8),(1713,9,'2025-12-03',104,8),(1714,7,'2025-10-24',104,7),(1715,7,'2025-10-22',104,7),(1716,7,'2026-01-08',104,7),(1717,10,'2025-11-17',104,6),(1718,8,'2025-10-31',104,6),(1719,6,'2025-11-17',104,6),(1720,8,'2025-11-25',104,5),(1721,7,'2025-11-15',104,5),(1722,7,'2025-11-06',104,5),(1723,8,'2025-12-08',104,4),(1724,9,'2025-11-13',104,4),(1725,7,'2025-09-17',104,4),(1726,7,'2026-01-01',104,9),(1727,6,'2026-01-07',104,9),(1728,7,'2025-09-21',104,9),(1729,7,'2025-10-27',104,3),(1730,9,'2025-10-13',104,3),(1731,8,'2025-10-23',104,3),(1732,8,'2025-12-31',104,10),(1733,8,'2025-10-11',104,10),(1734,5,'2025-10-01',104,10),(1735,6,'2025-11-18',104,2),(1736,8,'2025-09-23',104,2),(1737,8,'2025-11-15',104,2),(1738,7,'2025-09-18',104,1),(1739,7,'2026-01-06',104,1),(1740,5,'2025-12-08',104,1),(1741,6,'2026-01-05',112,8),(1742,9,'2025-11-07',112,8),(1743,8,'2025-09-22',112,8),(1744,5,'2025-10-10',112,7),(1745,8,'2025-11-07',112,7),(1746,5,'2025-11-21',112,7),(1747,5,'2025-12-14',112,6),(1748,10,'2025-10-03',112,6),(1749,7,'2025-10-07',112,6),(1750,8,'2025-10-09',112,5),(1751,5,'2025-10-01',112,5),(1752,5,'2025-12-27',112,5),(1753,6,'2025-10-06',112,4),(1754,7,'2025-11-30',112,4),(1755,9,'2025-11-05',112,4),(1756,8,'2025-11-03',112,9),(1757,10,'2026-01-06',112,9),(1758,7,'2025-10-11',112,9),(1759,9,'2025-12-09',112,3),(1760,6,'2025-11-22',112,3),(1761,7,'2025-11-11',112,3),(1762,8,'2026-01-10',112,10),(1763,8,'2025-10-25',112,10),(1764,9,'2025-11-18',112,10),(1765,6,'2025-10-07',112,2),(1766,7,'2025-12-13',112,2),(1767,6,'2025-11-07',112,2),(1768,10,'2025-12-22',112,1),(1769,10,'2025-11-19',112,1),(1770,6,'2026-01-06',112,1),(1771,7,'2025-09-21',120,8),(1772,7,'2025-11-20',120,8),(1773,10,'2026-01-07',120,8),(1774,8,'2025-10-13',120,7),(1775,5,'2025-12-28',120,7),(1776,7,'2025-11-10',120,7),(1777,7,'2025-10-03',120,6),(1778,9,'2025-11-28',120,6),(1779,8,'2025-11-12',120,6),(1780,10,'2025-11-22',120,5),(1781,5,'2025-11-22',120,5),(1782,9,'2025-12-03',120,5),(1783,8,'2025-11-02',120,4),(1784,7,'2025-12-16',120,4),(1785,10,'2025-09-15',120,4),(1786,6,'2025-10-01',120,9),(1787,9,'2025-11-29',120,9),(1788,7,'2025-12-08',120,9),(1789,5,'2025-12-03',120,3),(1790,8,'2025-10-17',120,3),(1791,10,'2025-10-12',120,3),(1792,10,'2025-12-30',120,10),(1793,10,'2025-12-18',120,10),(1794,6,'2026-01-10',120,10),(1795,5,'2025-11-07',120,2),(1796,7,'2025-12-03',120,2),(1797,8,'2025-11-16',120,2),(1798,10,'2026-01-05',120,1),(1799,8,'2025-09-30',120,1),(1800,8,'2025-09-26',120,1),(1801,5,'2025-11-26',7,8),(1802,10,'2025-12-07',7,8),(1803,9,'2025-12-19',7,8),(1804,8,'2025-12-16',7,7),(1805,7,'2025-11-19',7,7),(1806,10,'2025-11-12',7,7),(1807,8,'2025-10-28',7,6),(1808,6,'2025-11-02',7,6),(1809,5,'2025-11-16',7,6),(1810,6,'2025-10-06',7,5),(1811,7,'2025-12-11',7,5),(1812,6,'2025-10-23',7,5),(1813,8,'2025-11-11',7,4),(1814,5,'2025-10-13',7,4),(1815,8,'2025-10-02',7,4),(1816,7,'2025-12-10',7,9),(1817,6,'2025-10-26',7,9),(1818,7,'2025-09-21',7,9),(1819,8,'2026-01-06',7,3),(1820,8,'2025-11-09',7,3),(1821,5,'2025-10-27',7,3),(1822,5,'2025-11-12',7,10),(1823,6,'2025-09-28',7,10),(1824,8,'2025-12-07',7,10),(1825,9,'2025-10-15',7,2),(1826,8,'2025-11-28',7,2),(1827,7,'2025-11-06',7,2),(1828,9,'2025-12-21',7,1),(1829,8,'2025-11-12',7,1),(1830,9,'2026-01-09',7,1),(1831,5,'2025-09-15',15,8),(1832,10,'2025-10-31',15,8),(1833,6,'2025-10-26',15,8),(1834,7,'2025-09-20',15,7),(1835,8,'2025-12-14',15,7),(1836,7,'2025-12-28',15,7),(1837,8,'2025-12-20',15,6),(1838,7,'2025-11-12',15,6),(1839,6,'2026-01-04',15,6),(1840,7,'2025-10-25',15,5),(1841,6,'2025-09-24',15,5),(1842,5,'2025-10-29',15,5),(1843,10,'2025-10-29',15,4),(1844,7,'2025-12-16',15,4),(1845,10,'2025-10-15',15,4),(1846,5,'2025-12-27',15,9),(1847,7,'2025-09-23',15,9),(1848,6,'2025-11-24',15,9),(1849,6,'2025-11-25',15,3),(1850,5,'2026-01-12',15,3),(1851,10,'2025-11-29',15,3),(1852,6,'2025-09-18',15,10),(1853,6,'2025-12-22',15,10),(1854,6,'2025-11-03',15,10),(1855,6,'2025-11-09',15,2),(1856,10,'2025-09-29',15,2),(1857,9,'2025-09-27',15,2),(1858,7,'2026-01-04',15,1),(1859,6,'2025-12-15',15,1),(1860,6,'2025-09-29',15,1),(1861,7,'2025-10-28',23,8),(1862,9,'2025-12-29',23,8),(1863,6,'2025-10-28',23,8),(1864,8,'2026-01-11',23,7),(1865,6,'2025-11-19',23,7),(1866,7,'2025-11-07',23,7),(1867,8,'2025-11-19',23,6),(1868,7,'2025-11-03',23,6),(1869,9,'2026-01-01',23,6),(1870,5,'2025-11-12',23,5),(1871,5,'2025-09-28',23,5),(1872,6,'2025-12-08',23,5),(1873,10,'2025-11-03',23,4),(1874,6,'2025-11-04',23,4),(1875,5,'2025-10-22',23,4),(1876,6,'2025-09-26',23,9),(1877,10,'2026-01-09',23,9),(1878,6,'2025-11-30',23,9),(1879,10,'2025-11-01',23,3),(1880,6,'2025-12-12',23,3),(1881,8,'2025-11-13',23,3),(1882,8,'2025-12-10',23,10),(1883,9,'2025-10-24',23,10),(1884,6,'2025-12-10',23,10),(1885,8,'2025-12-20',23,2),(1886,5,'2025-12-17',23,2),(1887,8,'2025-11-22',23,2),(1888,6,'2025-12-27',23,1),(1889,10,'2025-10-05',23,1),(1890,8,'2025-11-23',23,1),(1891,7,'2025-10-30',31,8),(1892,10,'2025-09-19',31,8),(1893,10,'2025-10-26',31,8),(1894,8,'2025-10-01',31,7),(1895,8,'2025-11-19',31,7),(1896,7,'2025-09-27',31,7),(1897,5,'2025-09-28',31,6),(1898,5,'2025-10-09',31,6),(1899,9,'2025-12-29',31,6),(1900,7,'2025-12-30',31,5),(1901,5,'2026-01-05',31,5),(1902,5,'2025-12-13',31,5),(1903,10,'2025-12-24',31,4),(1904,10,'2025-10-13',31,4),(1905,6,'2026-01-05',31,4),(1906,8,'2025-12-04',31,9),(1907,5,'2025-10-29',31,9),(1908,9,'2026-01-06',31,9),(1909,10,'2025-11-25',31,3),(1910,6,'2025-12-30',31,3),(1911,9,'2025-11-19',31,3),(1912,10,'2025-10-30',31,10),(1913,5,'2025-10-15',31,10),(1914,7,'2025-11-02',31,10),(1915,10,'2025-11-07',31,2),(1916,6,'2025-12-19',31,2),(1917,8,'2025-09-20',31,2),(1918,6,'2025-12-19',31,1),(1919,7,'2025-12-01',31,1),(1920,8,'2025-10-05',31,1),(1921,7,'2025-11-01',39,8),(1922,9,'2026-01-12',39,8),(1923,9,'2025-10-26',39,8),(1924,5,'2025-11-20',39,7),(1925,10,'2025-11-11',39,7),(1926,9,'2025-09-17',39,7),(1927,9,'2025-10-08',39,6),(1928,9,'2025-11-17',39,6),(1929,5,'2025-10-24',39,6),(1930,6,'2025-11-11',39,5),(1931,9,'2025-10-01',39,5),(1932,6,'2025-10-29',39,5),(1933,7,'2025-12-13',39,4),(1934,10,'2025-12-29',39,4),(1935,8,'2025-09-20',39,4),(1936,9,'2025-12-27',39,9),(1937,6,'2026-01-09',39,9),(1938,6,'2025-11-29',39,9),(1939,10,'2025-10-10',39,3),(1940,5,'2025-10-27',39,3),(1941,6,'2025-12-31',39,3),(1942,10,'2025-12-20',39,10),(1943,6,'2025-10-11',39,10),(1944,5,'2026-01-07',39,10),(1945,5,'2025-09-26',39,2),(1946,8,'2025-10-08',39,2),(1947,8,'2025-12-27',39,2),(1948,5,'2025-12-09',39,1),(1949,5,'2025-12-13',39,1),(1950,6,'2025-12-18',39,1),(1951,7,'2025-10-15',47,8),(1952,6,'2025-12-17',47,8),(1953,6,'2025-11-10',47,8),(1954,10,'2026-01-04',47,7),(1955,8,'2025-10-28',47,7),(1956,7,'2025-11-23',47,7),(1957,9,'2025-12-07',47,6),(1958,7,'2026-01-10',47,6),(1959,10,'2025-10-27',47,6),(1960,7,'2026-01-07',47,5),(1961,5,'2026-01-09',47,5),(1962,5,'2025-12-31',47,5),(1963,7,'2025-10-06',47,4),(1964,9,'2025-10-28',47,4),(1965,9,'2025-10-23',47,4),(1966,6,'2025-12-21',47,9),(1967,6,'2025-11-27',47,9),(1968,7,'2025-10-19',47,9),(1969,7,'2026-01-05',47,3),(1970,10,'2025-10-08',47,3),(1971,5,'2025-10-24',47,3),(1972,6,'2025-11-15',47,10),(1973,8,'2025-12-21',47,10),(1974,7,'2025-12-26',47,10),(1975,9,'2025-12-28',47,2),(1976,8,'2025-12-22',47,2),(1977,7,'2025-12-18',47,2),(1978,10,'2025-11-30',47,1),(1979,9,'2025-09-20',47,1),(1980,7,'2025-09-26',47,1),(1981,7,'2025-10-31',55,8),(1982,8,'2025-11-17',55,8),(1983,7,'2025-11-20',55,8),(1984,5,'2025-12-24',55,7),(1985,8,'2026-01-08',55,7),(1986,9,'2025-12-08',55,7),(1987,7,'2025-12-03',55,6),(1988,7,'2025-10-20',55,6),(1989,7,'2025-12-07',55,6),(1990,5,'2025-11-20',55,5),(1991,5,'2025-10-20',55,5),(1992,8,'2025-11-24',55,5),(1993,8,'2025-11-14',55,4),(1994,9,'2025-10-26',55,4),(1995,9,'2026-01-06',55,4),(1996,10,'2025-12-23',55,9),(1997,6,'2025-10-13',55,9),(1998,5,'2025-09-18',55,9),(1999,9,'2025-11-12',55,3),(2000,8,'2026-01-07',55,3),(2001,9,'2025-12-19',55,3),(2002,5,'2025-11-10',55,10),(2003,8,'2025-12-28',55,10),(2004,5,'2025-10-10',55,10),(2005,10,'2025-10-05',55,2),(2006,8,'2025-11-03',55,2),(2007,5,'2025-10-23',55,2),(2008,5,'2025-10-30',55,1),(2009,9,'2025-10-23',55,1),(2010,6,'2025-12-04',55,1),(2011,10,'2025-12-18',63,8),(2012,8,'2026-01-11',63,8),(2013,7,'2025-12-03',63,8),(2014,6,'2025-12-12',63,7),(2015,8,'2025-09-20',63,7),(2016,5,'2025-10-04',63,7),(2017,9,'2025-12-04',63,6),(2018,7,'2025-10-22',63,6),(2019,7,'2026-01-04',63,6),(2020,5,'2025-12-23',63,5),(2021,8,'2025-11-06',63,5),(2022,10,'2025-12-26',63,5),(2023,10,'2025-10-12',63,4),(2024,7,'2025-11-30',63,4),(2025,9,'2025-09-15',63,4),(2026,8,'2025-10-30',63,9),(2027,8,'2025-10-07',63,9),(2028,7,'2025-09-27',63,9),(2029,5,'2025-10-22',63,3),(2030,6,'2025-09-22',63,3),(2031,5,'2025-10-17',63,3),(2032,6,'2025-11-24',63,10),(2033,5,'2025-12-14',63,10),(2034,10,'2025-09-23',63,10),(2035,10,'2025-11-17',63,2),(2036,9,'2025-11-11',63,2),(2037,6,'2025-10-21',63,2),(2038,9,'2025-11-05',63,1),(2039,8,'2025-11-09',63,1),(2040,9,'2026-01-10',63,1),(2041,10,'2025-11-01',71,8),(2042,6,'2025-12-01',71,8),(2043,5,'2025-12-17',71,8),(2044,10,'2025-09-20',71,7),(2045,5,'2025-12-24',71,7),(2046,9,'2025-11-16',71,7),(2047,5,'2025-10-30',71,6),(2048,5,'2025-11-13',71,6),(2049,6,'2025-09-24',71,6),(2050,9,'2025-09-17',71,5),(2051,8,'2025-12-11',71,5),(2052,7,'2025-12-03',71,5),(2053,7,'2026-01-08',71,4),(2054,10,'2025-10-31',71,4),(2055,6,'2025-11-28',71,4),(2056,5,'2025-11-02',71,9),(2057,8,'2025-09-18',71,9),(2058,6,'2026-01-11',71,9),(2059,8,'2025-11-07',71,3),(2060,6,'2025-11-28',71,3),(2061,6,'2025-12-13',71,3),(2062,7,'2025-11-21',71,10),(2063,10,'2026-01-08',71,10),(2064,8,'2025-10-19',71,10),(2065,10,'2025-12-08',71,2),(2066,9,'2025-12-22',71,2),(2067,7,'2025-10-07',71,2),(2068,8,'2025-10-05',71,1),(2069,6,'2025-11-19',71,1),(2070,9,'2025-12-27',71,1),(2071,8,'2025-11-04',79,8),(2072,5,'2025-10-17',79,8),(2073,7,'2025-11-01',79,8),(2074,10,'2025-09-19',79,7),(2075,10,'2025-10-09',79,7),(2076,6,'2025-11-08',79,7),(2077,6,'2025-12-18',79,6),(2078,8,'2026-01-08',79,6),(2079,8,'2025-09-27',79,6),(2080,9,'2025-10-23',79,5),(2081,7,'2025-10-13',79,5),(2082,9,'2025-11-19',79,5),(2083,5,'2025-10-12',79,4),(2084,9,'2025-11-05',79,4),(2085,8,'2025-09-28',79,4),(2086,10,'2025-10-15',79,9),(2087,5,'2025-12-21',79,9),(2088,9,'2025-09-27',79,9),(2089,7,'2025-11-28',79,3),(2090,8,'2026-01-04',79,3),(2091,7,'2025-09-29',79,3),(2092,5,'2025-12-23',79,10),(2093,7,'2025-12-13',79,10),(2094,6,'2025-12-02',79,10),(2095,5,'2025-12-08',79,2),(2096,6,'2025-11-22',79,2),(2097,7,'2025-11-17',79,2),(2098,6,'2025-12-25',79,1),(2099,9,'2025-11-02',79,1),(2100,8,'2025-09-21',79,1),(2101,5,'2025-10-23',87,8),(2102,5,'2025-11-30',87,8),(2103,8,'2025-10-04',87,8),(2104,7,'2025-10-22',87,7),(2105,5,'2025-11-17',87,7),(2106,5,'2025-10-13',87,7),(2107,9,'2025-12-08',87,6),(2108,6,'2025-10-12',87,6),(2109,10,'2025-09-26',87,6),(2110,10,'2025-12-15',87,5),(2111,6,'2025-12-01',87,5),(2112,5,'2025-11-08',87,5),(2113,7,'2025-12-19',87,4),(2114,10,'2026-01-10',87,4),(2115,6,'2025-11-06',87,4),(2116,9,'2025-11-18',87,9),(2117,9,'2025-10-20',87,9),(2118,5,'2025-12-18',87,9),(2119,10,'2025-10-21',87,3),(2120,10,'2025-12-07',87,3),(2121,10,'2025-11-10',87,3),(2122,10,'2025-12-03',87,10),(2123,9,'2025-10-26',87,10),(2124,5,'2025-12-06',87,10),(2125,7,'2026-01-11',87,2),(2126,10,'2025-11-18',87,2),(2127,8,'2025-10-24',87,2),(2128,8,'2025-11-05',87,1),(2129,6,'2025-10-05',87,1),(2130,6,'2025-10-26',87,1),(2131,8,'2025-09-18',95,8),(2132,5,'2025-11-14',95,8),(2133,6,'2025-10-25',95,8),(2134,8,'2025-12-21',95,7),(2135,5,'2025-11-10',95,7),(2136,8,'2025-11-24',95,7),(2137,6,'2025-12-30',95,6),(2138,9,'2025-11-21',95,6),(2139,10,'2025-12-01',95,6),(2140,10,'2025-10-12',95,5),(2141,10,'2025-11-23',95,5),(2142,6,'2026-01-09',95,5),(2143,7,'2025-10-15',95,4),(2144,8,'2025-09-29',95,4),(2145,8,'2025-09-19',95,4),(2146,6,'2025-11-20',95,9),(2147,7,'2025-10-15',95,9),(2148,7,'2025-12-29',95,9),(2149,6,'2025-10-26',95,3),(2150,8,'2025-12-13',95,3),(2151,6,'2025-09-25',95,3),(2152,8,'2026-01-01',95,10),(2153,9,'2025-10-28',95,10),(2154,9,'2025-12-23',95,10),(2155,7,'2025-11-06',95,2),(2156,8,'2025-12-28',95,2),(2157,10,'2025-12-03',95,2),(2158,10,'2025-12-12',95,1),(2159,9,'2025-09-16',95,1),(2160,8,'2025-12-01',95,1),(2161,9,'2025-10-03',103,8),(2162,10,'2025-10-05',103,8),(2163,8,'2025-12-18',103,8),(2164,7,'2025-10-30',103,7),(2165,9,'2025-10-08',103,7),(2166,10,'2025-10-13',103,7),(2167,6,'2025-12-15',103,6),(2168,6,'2025-10-24',103,6),(2169,8,'2025-11-07',103,6),(2170,6,'2025-11-14',103,5),(2171,9,'2025-11-14',103,5),(2172,5,'2025-09-17',103,5),(2173,8,'2025-12-25',103,4),(2174,10,'2025-12-24',103,4),(2175,5,'2025-10-26',103,4),(2176,6,'2026-01-09',103,9),(2177,8,'2025-11-02',103,9),(2178,7,'2026-01-02',103,9),(2179,6,'2025-12-12',103,3),(2180,7,'2025-12-25',103,3),(2181,8,'2025-11-08',103,3),(2182,10,'2025-09-16',103,10),(2183,5,'2025-10-10',103,10),(2184,7,'2026-01-03',103,10),(2185,10,'2025-11-26',103,2),(2186,6,'2025-10-10',103,2),(2187,7,'2025-11-26',103,2),(2188,10,'2025-11-26',103,1),(2189,6,'2025-09-17',103,1),(2190,6,'2026-01-11',103,1),(2191,7,'2025-11-28',111,8),(2192,7,'2026-01-03',111,8),(2193,5,'2026-01-04',111,8),(2194,5,'2025-11-01',111,7),(2195,8,'2025-09-22',111,7),(2196,5,'2025-12-11',111,7),(2197,6,'2025-10-06',111,6),(2198,5,'2026-01-05',111,6),(2199,5,'2025-10-02',111,6),(2200,6,'2025-10-29',111,5),(2201,7,'2025-12-15',111,5),(2202,10,'2025-09-26',111,5),(2203,9,'2026-01-11',111,4),(2204,9,'2026-01-04',111,4),(2205,10,'2025-12-13',111,4),(2206,8,'2025-12-13',111,9),(2207,7,'2025-11-04',111,9),(2208,7,'2025-10-25',111,9),(2209,10,'2025-11-21',111,3),(2210,8,'2025-12-03',111,3),(2211,5,'2025-11-25',111,3),(2212,9,'2025-10-17',111,10),(2213,6,'2025-12-16',111,10),(2214,6,'2025-10-18',111,10),(2215,9,'2025-10-30',111,2),(2216,10,'2025-12-02',111,2),(2217,6,'2025-09-19',111,2),(2218,6,'2025-12-21',111,1),(2219,6,'2025-10-06',111,1),(2220,6,'2025-09-20',111,1),(2221,10,'2025-10-13',119,8),(2222,5,'2025-10-04',119,8),(2223,5,'2026-01-01',119,8),(2224,5,'2025-12-19',119,7),(2225,9,'2025-09-18',119,7),(2226,9,'2025-10-20',119,7),(2227,7,'2025-11-05',119,6),(2228,10,'2025-11-13',119,6),(2229,5,'2025-11-15',119,6),(2230,7,'2025-10-11',119,5),(2231,8,'2025-12-02',119,5),(2232,5,'2025-11-10',119,5),(2233,6,'2026-01-10',119,4),(2234,5,'2025-11-04',119,4),(2235,8,'2025-10-06',119,4),(2236,8,'2025-11-28',119,9),(2237,6,'2025-10-12',119,9),(2238,6,'2025-12-08',119,9),(2239,8,'2025-10-27',119,3),(2240,9,'2025-11-03',119,3),(2241,10,'2025-11-21',119,3),(2242,8,'2025-09-25',119,10),(2243,8,'2025-11-18',119,10),(2244,7,'2025-11-07',119,10),(2245,8,'2025-12-01',119,2),(2246,10,'2025-10-07',119,2),(2247,5,'2025-12-26',119,2),(2248,7,'2025-11-12',119,1),(2249,7,'2025-11-29',119,1),(2250,9,'2025-11-14',119,1),(2251,6,'2026-01-11',6,8),(2252,6,'2025-10-08',6,8),(2253,8,'2025-12-29',6,8),(2254,5,'2026-01-09',6,7),(2255,10,'2025-11-07',6,7),(2256,10,'2025-12-18',6,7),(2257,5,'2026-01-08',6,6),(2258,9,'2025-10-11',6,6),(2259,8,'2025-11-15',6,6),(2260,9,'2025-12-15',6,5),(2261,10,'2025-12-26',6,5),(2262,9,'2025-10-29',6,5),(2263,9,'2025-11-02',6,4),(2264,10,'2025-10-29',6,4),(2265,8,'2025-10-25',6,4),(2266,9,'2025-09-29',6,9),(2267,5,'2025-10-18',6,9),(2268,7,'2025-10-13',6,9),(2269,8,'2026-01-08',6,3),(2270,6,'2025-09-30',6,3),(2271,9,'2025-12-12',6,3),(2272,10,'2026-01-06',6,10),(2273,7,'2025-10-27',6,10),(2274,5,'2025-10-07',6,10),(2275,8,'2025-10-22',6,2),(2276,8,'2025-10-15',6,2),(2277,5,'2026-01-09',6,2),(2278,10,'2025-10-05',6,1),(2279,6,'2025-11-20',6,1),(2280,9,'2026-01-12',6,1),(2281,5,'2026-01-07',14,8),(2282,6,'2025-09-28',14,8),(2283,9,'2025-11-16',14,8),(2284,10,'2025-12-23',14,7),(2285,5,'2025-10-02',14,7),(2286,5,'2025-10-20',14,7),(2287,7,'2025-10-27',14,6),(2288,5,'2025-09-28',14,6),(2289,10,'2026-01-04',14,6),(2290,8,'2025-12-04',14,5),(2291,5,'2025-11-01',14,5),(2292,9,'2025-11-10',14,5),(2293,8,'2025-11-08',14,4),(2294,10,'2025-10-25',14,4),(2295,9,'2025-10-19',14,4),(2296,6,'2025-11-14',14,9),(2297,8,'2026-01-10',14,9),(2298,8,'2025-09-16',14,9),(2299,5,'2025-11-07',14,3),(2300,7,'2025-10-29',14,3),(2301,9,'2025-09-19',14,3),(2302,8,'2025-10-22',14,10),(2303,10,'2025-12-03',14,10),(2304,5,'2025-12-18',14,10),(2305,10,'2025-09-18',14,2),(2306,5,'2025-11-07',14,2),(2307,8,'2025-10-01',14,2),(2308,9,'2025-11-30',14,1),(2309,7,'2025-12-28',14,1),(2310,6,'2025-12-29',14,1),(2311,9,'2025-12-25',22,8),(2312,8,'2025-10-04',22,8),(2313,6,'2025-11-04',22,8),(2314,6,'2025-11-16',22,7),(2315,9,'2025-09-26',22,7),(2316,8,'2025-09-27',22,7),(2317,10,'2025-10-09',22,6),(2318,6,'2025-12-26',22,6),(2319,9,'2025-11-06',22,6),(2320,7,'2025-11-22',22,5),(2321,10,'2026-01-06',22,5),(2322,8,'2025-12-28',22,5),(2323,9,'2025-09-19',22,4),(2324,9,'2025-12-24',22,4),(2325,7,'2025-11-15',22,4),(2326,6,'2025-10-12',22,9),(2327,5,'2025-12-14',22,9),(2328,10,'2025-10-23',22,9),(2329,9,'2025-10-24',22,3),(2330,5,'2025-10-27',22,3),(2331,10,'2025-12-06',22,3),(2332,10,'2026-01-11',22,10),(2333,5,'2025-11-14',22,10),(2334,6,'2025-12-03',22,10),(2335,6,'2025-09-20',22,2),(2336,6,'2026-01-04',22,2),(2337,9,'2025-10-19',22,2),(2338,6,'2025-09-30',22,1),(2339,9,'2025-12-27',22,1),(2340,7,'2025-10-19',22,1),(2341,6,'2025-12-01',30,8),(2342,10,'2025-12-08',30,8),(2343,10,'2025-11-23',30,8),(2344,8,'2025-11-24',30,7),(2345,7,'2025-09-20',30,7),(2346,7,'2025-11-15',30,7),(2347,5,'2025-10-19',30,6),(2348,7,'2026-01-05',30,6),(2349,5,'2025-09-30',30,6),(2350,6,'2025-09-18',30,5),(2351,10,'2025-10-26',30,5),(2352,8,'2025-10-17',30,5),(2353,5,'2025-09-15',30,4),(2354,10,'2025-12-02',30,4),(2355,5,'2025-10-24',30,4),(2356,10,'2025-11-07',30,9),(2357,5,'2025-11-12',30,9),(2358,7,'2025-10-20',30,9),(2359,6,'2025-10-12',30,3),(2360,7,'2025-11-28',30,3),(2361,10,'2025-12-18',30,3),(2362,7,'2025-10-30',30,10),(2363,9,'2025-09-19',30,10),(2364,8,'2025-10-16',30,10),(2365,5,'2025-12-03',30,2),(2366,7,'2025-10-07',30,2),(2367,10,'2025-12-07',30,2),(2368,9,'2025-11-10',30,1),(2369,8,'2025-12-16',30,1),(2370,7,'2025-10-23',30,1),(2371,10,'2025-09-29',38,8),(2372,7,'2025-11-08',38,8),(2373,7,'2025-11-11',38,8),(2374,6,'2026-01-09',38,7),(2375,6,'2025-10-06',38,7),(2376,8,'2025-12-08',38,7),(2377,10,'2025-12-04',38,6),(2378,5,'2025-11-03',38,6),(2379,8,'2025-12-27',38,6),(2380,10,'2025-12-11',38,5),(2381,8,'2025-09-16',38,5),(2382,6,'2025-12-12',38,5),(2383,8,'2026-01-07',38,4),(2384,8,'2025-11-09',38,4),(2385,5,'2025-10-12',38,4),(2386,8,'2025-10-01',38,9),(2387,7,'2025-11-17',38,9),(2388,5,'2025-12-21',38,9),(2389,8,'2025-12-08',38,3),(2390,9,'2025-09-20',38,3),(2391,7,'2025-11-17',38,3),(2392,10,'2025-11-24',38,10),(2393,6,'2025-11-01',38,10),(2394,7,'2025-10-23',38,10),(2395,10,'2025-11-06',38,2),(2396,5,'2025-11-06',38,2),(2397,8,'2025-10-29',38,2),(2398,5,'2025-09-24',38,1),(2399,5,'2025-10-01',38,1),(2400,10,'2025-12-29',38,1),(2401,9,'2025-11-04',46,8),(2402,8,'2025-09-30',46,8),(2403,9,'2025-12-10',46,8),(2404,5,'2025-11-11',46,7),(2405,7,'2025-11-29',46,7),(2406,9,'2025-11-23',46,7),(2407,10,'2025-10-21',46,6),(2408,7,'2025-12-02',46,6),(2409,6,'2025-12-10',46,6),(2410,8,'2025-12-25',46,5),(2411,10,'2025-11-27',46,5),(2412,5,'2025-09-23',46,5),(2413,8,'2025-12-13',46,4),(2414,7,'2025-11-16',46,4),(2415,5,'2025-10-10',46,4),(2416,9,'2025-10-30',46,9),(2417,9,'2025-10-09',46,9),(2418,9,'2025-11-20',46,9),(2419,10,'2025-11-27',46,3),(2420,5,'2025-12-06',46,3),(2421,6,'2025-11-10',46,3),(2422,9,'2025-12-18',46,10),(2423,9,'2025-12-10',46,10),(2424,5,'2025-12-01',46,10),(2425,9,'2025-12-07',46,2),(2426,7,'2025-11-09',46,2),(2427,6,'2025-11-17',46,2),(2428,9,'2026-01-07',46,1),(2429,6,'2025-10-21',46,1),(2430,10,'2025-10-15',46,1),(2431,9,'2025-09-25',54,8),(2432,5,'2025-10-29',54,8),(2433,10,'2025-10-21',54,8),(2434,9,'2025-11-04',54,7),(2435,9,'2025-10-23',54,7),(2436,7,'2025-10-11',54,7),(2437,9,'2025-10-24',54,6),(2438,10,'2025-10-18',54,6),(2439,9,'2025-10-21',54,6),(2440,6,'2025-10-12',54,5),(2441,7,'2025-11-22',54,5),(2442,5,'2025-12-30',54,5),(2443,6,'2025-12-05',54,4),(2444,8,'2026-01-12',54,4),(2445,6,'2025-12-23',54,4),(2446,5,'2025-12-24',54,9),(2447,7,'2025-10-27',54,9),(2448,10,'2025-10-06',54,9),(2449,6,'2025-10-22',54,3),(2450,9,'2025-10-22',54,3),(2451,6,'2025-10-01',54,3),(2452,9,'2025-12-26',54,10),(2453,7,'2026-01-12',54,10),(2454,8,'2025-10-17',54,10),(2455,5,'2025-09-27',54,2),(2456,7,'2025-11-13',54,2),(2457,6,'2025-11-12',54,2),(2458,10,'2025-12-24',54,1),(2459,10,'2025-11-20',54,1),(2460,6,'2026-01-10',54,1),(2461,6,'2025-11-23',62,8),(2462,6,'2025-10-13',62,8),(2463,6,'2025-10-10',62,8),(2464,6,'2025-12-31',62,7),(2465,8,'2025-10-08',62,7),(2466,5,'2025-11-24',62,7),(2467,8,'2025-11-05',62,6),(2468,6,'2025-12-22',62,6),(2469,7,'2025-12-05',62,6),(2470,7,'2025-11-15',62,5),(2471,10,'2025-12-08',62,5),(2472,8,'2025-12-20',62,5),(2473,5,'2026-01-03',62,4),(2474,10,'2025-10-14',62,4),(2475,9,'2025-10-27',62,4),(2476,10,'2025-11-25',62,9),(2477,7,'2025-09-22',62,9),(2478,7,'2025-12-24',62,9),(2479,8,'2025-10-18',62,3),(2480,9,'2025-12-18',62,3),(2481,5,'2025-11-13',62,3),(2482,7,'2025-10-23',62,10),(2483,5,'2025-11-27',62,10),(2484,9,'2025-12-15',62,10),(2485,5,'2025-09-20',62,2),(2486,7,'2025-09-19',62,2),(2487,9,'2025-10-18',62,2),(2488,7,'2026-01-07',62,1),(2489,10,'2025-12-01',62,1),(2490,5,'2025-12-13',62,1),(2491,5,'2025-10-24',70,8),(2492,5,'2025-11-23',70,8),(2493,10,'2025-09-21',70,8),(2494,6,'2025-12-29',70,7),(2495,5,'2025-09-30',70,7),(2496,6,'2025-11-27',70,7),(2497,7,'2025-11-03',70,6),(2498,10,'2025-10-21',70,6),(2499,9,'2025-10-04',70,6),(2500,10,'2025-10-17',70,5),(2501,5,'2025-12-11',70,5),(2502,5,'2025-11-03',70,5),(2503,9,'2025-10-11',70,4),(2504,9,'2025-11-17',70,4),(2505,5,'2026-01-10',70,4),(2506,9,'2026-01-02',70,9),(2507,10,'2025-11-15',70,9),(2508,8,'2025-11-18',70,9),(2509,8,'2025-11-25',70,3),(2510,6,'2025-11-19',70,3),(2511,6,'2026-01-06',70,3),(2512,7,'2025-09-19',70,10),(2513,8,'2025-10-18',70,10),(2514,5,'2026-01-09',70,10),(2515,5,'2026-01-05',70,2),(2516,6,'2025-09-17',70,2),(2517,6,'2026-01-12',70,2),(2518,7,'2025-12-16',70,1),(2519,9,'2025-12-08',70,1),(2520,5,'2025-11-07',70,1),(2521,7,'2025-10-08',78,8),(2522,8,'2025-12-01',78,8),(2523,5,'2025-11-09',78,8),(2524,6,'2025-09-15',78,7),(2525,5,'2026-01-06',78,7),(2526,6,'2026-01-12',78,7),(2527,7,'2025-10-23',78,6),(2528,7,'2025-10-08',78,6),(2529,10,'2025-12-14',78,6),(2530,7,'2025-11-17',78,5),(2531,5,'2025-10-17',78,5),(2532,8,'2025-11-10',78,5),(2533,5,'2025-11-08',78,4),(2534,8,'2025-11-06',78,4),(2535,10,'2025-10-05',78,4),(2536,7,'2025-10-29',78,9),(2537,10,'2025-11-21',78,9),(2538,8,'2025-10-17',78,9),(2539,9,'2025-09-28',78,3),(2540,10,'2025-12-05',78,3),(2541,8,'2025-12-24',78,3),(2542,10,'2025-12-27',78,10),(2543,10,'2025-12-17',78,10),(2544,6,'2025-09-18',78,10),(2545,10,'2025-11-27',78,2),(2546,7,'2025-10-30',78,2),(2547,5,'2025-12-11',78,2),(2548,6,'2025-10-31',78,1),(2549,6,'2025-12-27',78,1),(2550,5,'2025-12-23',78,1),(2551,7,'2025-09-22',86,8),(2552,6,'2025-12-14',86,8),(2553,8,'2025-12-18',86,8),(2554,6,'2025-09-29',86,7),(2555,7,'2025-10-11',86,7),(2556,7,'2025-10-02',86,7),(2557,10,'2025-12-14',86,6),(2558,7,'2025-09-15',86,6),(2559,10,'2025-10-12',86,6),(2560,10,'2025-10-31',86,5),(2561,5,'2025-10-21',86,5),(2562,5,'2025-10-16',86,5),(2563,6,'2025-10-09',86,4),(2564,7,'2025-11-13',86,4),(2565,7,'2025-11-26',86,4),(2566,9,'2025-09-18',86,9),(2567,7,'2025-10-05',86,9),(2568,5,'2026-01-08',86,9),(2569,10,'2025-12-13',86,3),(2570,8,'2025-11-16',86,3),(2571,7,'2025-10-12',86,3),(2572,8,'2025-12-05',86,10),(2573,5,'2025-12-15',86,10),(2574,5,'2025-10-31',86,10),(2575,10,'2025-11-12',86,2),(2576,10,'2025-12-18',86,2),(2577,6,'2025-11-26',86,2),(2578,7,'2025-10-23',86,1),(2579,6,'2025-12-10',86,1),(2580,8,'2025-12-27',86,1),(2581,10,'2025-12-25',94,8),(2582,5,'2025-10-16',94,8),(2583,8,'2025-10-24',94,8),(2584,8,'2026-01-04',94,7),(2585,8,'2025-12-03',94,7),(2586,5,'2025-10-16',94,7),(2587,6,'2026-01-08',94,6),(2588,7,'2026-01-07',94,6),(2589,10,'2025-11-13',94,6),(2590,9,'2025-12-25',94,5),(2591,8,'2025-12-04',94,5),(2592,10,'2025-09-20',94,5),(2593,9,'2025-12-19',94,4),(2594,8,'2025-12-03',94,4),(2595,10,'2025-11-12',94,4),(2596,10,'2025-10-18',94,9),(2597,5,'2026-01-12',94,9),(2598,10,'2025-10-30',94,9),(2599,7,'2025-10-07',94,3),(2600,5,'2025-10-03',94,3),(2601,5,'2025-10-06',94,3),(2602,10,'2025-09-21',94,10),(2603,5,'2025-11-06',94,10),(2604,8,'2025-12-21',94,10),(2605,6,'2025-11-12',94,2),(2606,10,'2025-09-18',94,2),(2607,6,'2025-09-23',94,2),(2608,5,'2025-10-02',94,1),(2609,10,'2025-09-22',94,1),(2610,10,'2025-12-27',94,1),(2611,9,'2025-12-28',102,8),(2612,8,'2025-12-20',102,8),(2613,7,'2025-11-10',102,8),(2614,7,'2025-12-03',102,7),(2615,8,'2025-11-01',102,7),(2616,7,'2025-11-26',102,7),(2617,8,'2025-12-28',102,6),(2618,8,'2025-09-30',102,6),(2619,7,'2025-11-29',102,6),(2620,8,'2025-12-23',102,5),(2621,10,'2025-10-01',102,5),(2622,9,'2025-09-30',102,5),(2623,6,'2025-10-14',102,4),(2624,10,'2025-11-08',102,4),(2625,9,'2025-11-12',102,4),(2626,5,'2025-09-24',102,9),(2627,6,'2025-10-03',102,9),(2628,6,'2025-10-19',102,9),(2629,9,'2025-09-20',102,3),(2630,6,'2025-10-25',102,3),(2631,7,'2026-01-02',102,3),(2632,6,'2025-10-16',102,10),(2633,5,'2025-12-12',102,10),(2634,5,'2025-11-30',102,10),(2635,9,'2025-11-07',102,2),(2636,8,'2025-12-13',102,2),(2637,8,'2025-10-06',102,2),(2638,8,'2025-12-11',102,1),(2639,9,'2025-10-20',102,1),(2640,7,'2025-09-15',102,1),(2641,9,'2025-11-14',110,8),(2642,7,'2025-11-08',110,8),(2643,8,'2025-09-29',110,8),(2644,10,'2025-10-01',110,7),(2645,8,'2025-11-19',110,7),(2646,7,'2025-10-08',110,7),(2647,9,'2025-12-26',110,6),(2648,8,'2025-11-07',110,6),(2649,10,'2025-12-13',110,6),(2650,6,'2025-10-14',110,5),(2651,10,'2026-01-02',110,5),(2652,9,'2025-10-09',110,5),(2653,8,'2025-12-03',110,4),(2654,5,'2025-12-07',110,4),(2655,6,'2025-10-24',110,4),(2656,7,'2025-12-31',110,9),(2657,6,'2025-09-21',110,9),(2658,10,'2026-01-05',110,9),(2659,7,'2025-10-17',110,3),(2660,7,'2025-12-18',110,3),(2661,8,'2025-11-14',110,3),(2662,8,'2025-11-14',110,10),(2663,9,'2025-09-19',110,10),(2664,9,'2025-10-12',110,10),(2665,8,'2026-01-10',110,2),(2666,5,'2025-11-22',110,2),(2667,10,'2025-09-26',110,2),(2668,5,'2025-11-28',110,1),(2669,9,'2025-09-16',110,1),(2670,7,'2025-11-21',110,1),(2671,9,'2025-12-03',118,8),(2672,7,'2025-11-20',118,8),(2673,9,'2025-11-17',118,8),(2674,5,'2025-09-26',118,7),(2675,6,'2025-09-20',118,7),(2676,9,'2025-09-22',118,7),(2677,7,'2025-12-13',118,6),(2678,5,'2025-12-06',118,6),(2679,8,'2025-10-16',118,6),(2680,5,'2025-12-14',118,5),(2681,10,'2026-01-10',118,5),(2682,6,'2025-12-16',118,5),(2683,7,'2025-12-31',118,4),(2684,7,'2025-10-02',118,4),(2685,10,'2025-11-25',118,4),(2686,5,'2025-09-15',118,9),(2687,10,'2025-12-13',118,9),(2688,9,'2025-09-21',118,9),(2689,7,'2025-10-26',118,3),(2690,9,'2025-09-17',118,3),(2691,8,'2025-10-22',118,3),(2692,10,'2025-12-06',118,10),(2693,10,'2025-10-17',118,10),(2694,10,'2025-09-16',118,10),(2695,7,'2025-12-08',118,2),(2696,5,'2025-10-13',118,2),(2697,7,'2025-10-15',118,2),(2698,8,'2025-12-03',118,1),(2699,5,'2025-10-25',118,1),(2700,10,'2025-11-02',118,1),(2701,6,'2025-12-01',1,8),(2702,5,'2025-12-08',1,8),(2703,6,'2025-11-09',1,8),(2704,9,'2025-11-19',1,7),(2705,9,'2025-10-14',1,7),(2706,6,'2025-12-07',1,7),(2707,8,'2025-09-26',1,6),(2708,10,'2025-11-10',1,6),(2709,5,'2025-10-07',1,6),(2710,10,'2025-10-11',1,5),(2711,7,'2025-11-24',1,5),(2712,5,'2025-10-02',1,5),(2713,6,'2025-11-07',1,4),(2714,5,'2025-09-29',1,4),(2715,5,'2025-10-13',1,4),(2716,8,'2025-11-14',1,9),(2717,9,'2025-11-08',1,9),(2718,6,'2025-09-28',1,9),(2719,8,'2025-09-26',1,3),(2720,5,'2025-12-08',1,3),(2721,7,'2025-11-22',1,3),(2722,9,'2025-11-20',1,10),(2723,10,'2025-10-31',1,10),(2724,5,'2025-10-20',1,10),(2725,6,'2025-10-12',1,2),(2726,7,'2025-11-26',1,2),(2727,10,'2025-11-04',1,2),(2728,5,'2025-11-24',1,1),(2729,10,'2025-10-31',1,1),(2730,5,'2025-09-27',1,1),(2731,5,'2025-11-07',2,8),(2732,8,'2025-11-23',2,8),(2733,6,'2025-09-18',2,8),(2734,5,'2025-10-17',2,7),(2735,6,'2025-12-28',2,7),(2736,10,'2025-09-30',2,7),(2737,9,'2025-12-02',2,6),(2738,7,'2025-10-05',2,6),(2739,5,'2025-11-01',2,6),(2740,10,'2026-01-05',2,5),(2741,7,'2025-10-13',2,5),(2742,8,'2025-10-01',2,5),(2743,7,'2025-11-11',2,4),(2744,7,'2025-12-22',2,4),(2745,10,'2025-10-20',2,4),(2746,10,'2025-10-15',2,9),(2747,9,'2025-10-07',2,9),(2748,8,'2025-10-10',2,9),(2749,5,'2025-10-23',2,3),(2750,7,'2025-10-06',2,3),(2751,10,'2025-11-18',2,3),(2752,7,'2025-12-03',2,10),(2753,8,'2025-12-15',2,10),(2754,6,'2025-11-17',2,10),(2755,8,'2025-09-29',2,2),(2756,7,'2025-11-17',2,2),(2757,5,'2025-09-20',2,2),(2758,8,'2025-09-24',2,1),(2759,10,'2025-09-16',2,1),(2760,5,'2025-11-27',2,1),(2761,9,'2025-11-13',3,8),(2762,6,'2025-12-30',3,8),(2763,8,'2025-10-27',3,8),(2764,7,'2025-12-20',3,7),(2765,9,'2025-09-16',3,7),(2766,9,'2025-09-26',3,7),(2767,6,'2025-11-30',3,6),(2768,5,'2025-10-22',3,6),(2769,10,'2025-10-09',3,6),(2770,5,'2026-01-10',3,5),(2771,10,'2025-12-24',3,5),(2772,6,'2025-10-03',3,5),(2773,7,'2025-11-05',3,4),(2774,8,'2025-12-11',3,4),(2775,8,'2025-09-16',3,4),(2776,6,'2025-12-05',3,9),(2777,10,'2025-12-18',3,9),(2778,8,'2025-12-17',3,9),(2779,7,'2025-12-16',3,3),(2780,5,'2025-11-26',3,3),(2781,10,'2025-11-13',3,3),(2782,9,'2025-09-22',3,10),(2783,8,'2025-12-14',3,10),(2784,7,'2025-12-15',3,10),(2785,5,'2025-12-08',3,2),(2786,7,'2025-11-15',3,2),(2787,5,'2025-11-02',3,2),(2788,10,'2025-09-21',3,1),(2789,10,'2025-10-25',3,1),(2790,8,'2026-01-10',3,1),(2791,6,'2025-11-19',5,8),(2792,7,'2025-11-29',5,8),(2793,9,'2025-09-16',5,8),(2794,7,'2025-11-29',5,7),(2795,7,'2025-12-29',5,7),(2796,6,'2025-09-17',5,7),(2797,5,'2025-11-12',5,6),(2798,6,'2025-09-26',5,6),(2799,8,'2025-11-04',5,6),(2800,10,'2025-10-06',5,5),(2801,7,'2025-11-21',5,5),(2802,5,'2025-10-02',5,5),(2803,6,'2025-12-06',5,4),(2804,5,'2025-12-06',5,4),(2805,7,'2025-12-29',5,4),(2806,7,'2025-11-14',5,9),(2807,7,'2025-12-11',5,9),(2808,6,'2025-10-23',5,9),(2809,8,'2025-11-14',5,3),(2810,10,'2025-12-15',5,3),(2811,7,'2026-01-03',5,3),(2812,6,'2025-11-23',5,10),(2813,5,'2025-12-21',5,10),(2814,8,'2025-10-15',5,10),(2815,9,'2025-11-06',5,2),(2816,8,'2025-09-25',5,2),(2817,5,'2025-12-04',5,2),(2818,8,'2025-09-20',5,1),(2819,10,'2025-12-27',5,1),(2820,9,'2026-01-09',5,1),(2821,5,'2025-11-25',13,8),(2822,9,'2025-11-22',13,8),(2823,10,'2025-11-17',13,8),(2824,7,'2026-01-06',13,7),(2825,9,'2025-10-06',13,7),(2826,9,'2026-01-08',13,7),(2827,5,'2025-11-29',13,6),(2828,8,'2025-10-23',13,6),(2829,9,'2025-11-13',13,6),(2830,7,'2025-11-09',13,5),(2831,7,'2025-10-20',13,5),(2832,5,'2025-11-05',13,5),(2833,7,'2025-11-17',13,4),(2834,5,'2025-09-30',13,4),(2835,6,'2025-12-06',13,4),(2836,5,'2025-12-24',13,9),(2837,9,'2025-12-21',13,9),(2838,9,'2025-12-22',13,9),(2839,8,'2025-10-14',13,3),(2840,9,'2025-10-26',13,3),(2841,10,'2025-11-03',13,3),(2842,6,'2025-12-05',13,10),(2843,10,'2025-10-08',13,10),(2844,6,'2025-11-21',13,10),(2845,8,'2025-09-16',13,2),(2846,10,'2025-10-05',13,2),(2847,6,'2025-10-02',13,2),(2848,7,'2025-10-04',13,1),(2849,9,'2025-12-13',13,1),(2850,5,'2025-12-09',13,1),(2851,7,'2025-12-21',21,8),(2852,9,'2025-09-25',21,8),(2853,7,'2025-10-19',21,8),(2854,5,'2025-12-11',21,7),(2855,5,'2025-10-19',21,7),(2856,6,'2025-12-21',21,7),(2857,5,'2025-12-25',21,6),(2858,7,'2025-12-14',21,6),(2859,6,'2025-12-15',21,6),(2860,8,'2025-12-06',21,5),(2861,9,'2025-09-30',21,5),(2862,5,'2025-10-20',21,5),(2863,7,'2025-11-01',21,4),(2864,10,'2025-12-23',21,4),(2865,10,'2025-10-10',21,4),(2866,7,'2025-11-15',21,9),(2867,6,'2025-12-23',21,9),(2868,10,'2025-09-30',21,9),(2869,9,'2025-09-22',21,3),(2870,8,'2026-01-05',21,3),(2871,8,'2025-10-14',21,3),(2872,10,'2025-10-17',21,10),(2873,9,'2025-12-26',21,10),(2874,9,'2025-12-17',21,10),(2875,10,'2025-09-27',21,2),(2876,9,'2026-01-12',21,2),(2877,9,'2026-01-06',21,2),(2878,9,'2025-09-23',21,1),(2879,6,'2025-12-19',21,1),(2880,7,'2025-11-19',21,1),(2881,5,'2025-10-05',29,8),(2882,5,'2025-10-27',29,8),(2883,5,'2025-10-12',29,8),(2884,7,'2025-09-30',29,7),(2885,5,'2025-10-29',29,7),(2886,10,'2026-01-01',29,7),(2887,7,'2025-12-20',29,6),(2888,7,'2025-10-07',29,6),(2889,8,'2025-10-28',29,6),(2890,7,'2025-10-04',29,5),(2891,5,'2025-12-22',29,5),(2892,7,'2025-09-22',29,5),(2893,6,'2025-12-28',29,4),(2894,5,'2025-12-30',29,4),(2895,6,'2025-09-30',29,4),(2896,8,'2025-11-09',29,9),(2897,9,'2025-11-24',29,9),(2898,8,'2025-09-17',29,9),(2899,10,'2025-09-25',29,3),(2900,8,'2025-11-11',29,3),(2901,8,'2025-10-29',29,3),(2902,6,'2025-12-10',29,10),(2903,9,'2025-10-27',29,10),(2904,5,'2025-10-17',29,10),(2905,6,'2025-09-15',29,2),(2906,6,'2025-11-18',29,2),(2907,7,'2025-10-05',29,2),(2908,9,'2025-11-12',29,1),(2909,6,'2025-12-07',29,1),(2910,5,'2025-12-27',29,1),(2911,8,'2025-10-01',37,8),(2912,7,'2025-12-17',37,8),(2913,5,'2025-11-25',37,8),(2914,10,'2025-10-12',37,7),(2915,10,'2025-09-23',37,7),(2916,5,'2025-10-12',37,7),(2917,8,'2025-12-14',37,6),(2918,9,'2025-10-21',37,6),(2919,7,'2026-01-01',37,6),(2920,6,'2025-11-05',37,5),(2921,6,'2025-09-22',37,5),(2922,9,'2025-10-15',37,5),(2923,8,'2025-10-22',37,4),(2924,9,'2025-12-04',37,4),(2925,8,'2026-01-06',37,4),(2926,7,'2026-01-06',37,9),(2927,10,'2025-11-01',37,9),(2928,5,'2025-09-21',37,9),(2929,6,'2025-11-01',37,3),(2930,5,'2025-09-18',37,3),(2931,7,'2025-09-19',37,3),(2932,9,'2025-10-30',37,10),(2933,10,'2026-01-03',37,10),(2934,7,'2025-09-30',37,10),(2935,5,'2025-09-26',37,2),(2936,6,'2025-12-13',37,2),(2937,9,'2025-10-16',37,2),(2938,8,'2025-10-17',37,1),(2939,10,'2025-12-25',37,1),(2940,5,'2025-11-29',37,1),(2941,7,'2025-10-18',45,8),(2942,8,'2025-12-02',45,8),(2943,6,'2025-12-26',45,8),(2944,5,'2025-10-22',45,7),(2945,7,'2025-10-10',45,7),(2946,9,'2025-10-09',45,7),(2947,7,'2025-09-17',45,6),(2948,7,'2025-11-14',45,6),(2949,5,'2025-10-25',45,6),(2950,6,'2026-01-11',45,5),(2951,7,'2025-12-03',45,5),(2952,6,'2025-12-06',45,5),(2953,9,'2025-09-24',45,4),(2954,6,'2025-10-31',45,4),(2955,6,'2025-11-24',45,4),(2956,6,'2025-11-30',45,9),(2957,10,'2025-12-29',45,9),(2958,5,'2026-01-09',45,9),(2959,10,'2025-11-17',45,3),(2960,8,'2025-10-30',45,3),(2961,6,'2025-11-09',45,3),(2962,10,'2025-10-29',45,10),(2963,8,'2026-01-01',45,10),(2964,9,'2025-12-28',45,10),(2965,8,'2025-10-22',45,2),(2966,8,'2025-09-29',45,2),(2967,8,'2025-11-11',45,2),(2968,9,'2025-09-22',45,1),(2969,8,'2025-12-25',45,1),(2970,10,'2025-11-16',45,1),(2971,7,'2025-10-22',53,8),(2972,5,'2025-10-21',53,8),(2973,5,'2026-01-10',53,8),(2974,5,'2025-12-22',53,7),(2975,9,'2025-12-18',53,7),(2976,9,'2025-11-17',53,7),(2977,10,'2026-01-10',53,6),(2978,7,'2025-12-22',53,6),(2979,8,'2025-12-23',53,6),(2980,6,'2025-10-31',53,5),(2981,7,'2025-12-31',53,5),(2982,7,'2025-11-16',53,5),(2983,6,'2025-12-23',53,4),(2984,10,'2026-01-12',53,4),(2985,6,'2025-11-15',53,4),(2986,8,'2025-12-08',53,9),(2987,9,'2025-12-28',53,9),(2988,6,'2025-10-04',53,9),(2989,7,'2025-10-08',53,3),(2990,8,'2025-10-17',53,3),(2991,9,'2025-10-31',53,3),(2992,9,'2026-01-05',53,10),(2993,10,'2025-10-30',53,10),(2994,6,'2025-12-16',53,10),(2995,8,'2025-10-02',53,2),(2996,9,'2025-12-27',53,2),(2997,7,'2025-09-18',53,2),(2998,7,'2025-12-23',53,1),(2999,8,'2025-11-12',53,1),(3000,9,'2025-12-17',53,1),(3001,10,'2025-11-08',61,8),(3002,6,'2025-11-28',61,8),(3003,6,'2025-12-04',61,8),(3004,9,'2025-10-08',61,7),(3005,9,'2025-12-08',61,7),(3006,6,'2025-11-25',61,7),(3007,6,'2025-09-20',61,6),(3008,5,'2025-11-16',61,6),(3009,6,'2025-11-10',61,6),(3010,5,'2025-10-11',61,5),(3011,9,'2026-01-02',61,5),(3012,7,'2025-10-31',61,5),(3013,10,'2025-09-28',61,4),(3014,8,'2025-12-01',61,4),(3015,10,'2025-10-08',61,4),(3016,5,'2026-01-06',61,9),(3017,10,'2025-10-12',61,9),(3018,10,'2025-12-26',61,9),(3019,5,'2025-10-10',61,3),(3020,9,'2025-10-17',61,3),(3021,6,'2025-10-19',61,3),(3022,5,'2026-01-09',61,10),(3023,5,'2025-12-31',61,10),(3024,7,'2025-10-26',61,10),(3025,5,'2025-11-10',61,2),(3026,7,'2026-01-01',61,2),(3027,7,'2025-12-26',61,2),(3028,6,'2025-09-20',61,1),(3029,10,'2025-10-16',61,1),(3030,10,'2025-11-29',61,1),(3031,5,'2025-11-15',69,8),(3032,5,'2025-09-30',69,8),(3033,5,'2025-12-21',69,8),(3034,7,'2025-10-16',69,7),(3035,6,'2025-12-05',69,7),(3036,9,'2025-11-22',69,7),(3037,5,'2025-12-13',69,6),(3038,10,'2026-01-10',69,6),(3039,6,'2025-12-29',69,6),(3040,10,'2026-01-01',69,5),(3041,9,'2025-10-09',69,5),(3042,8,'2025-12-11',69,5),(3043,9,'2026-01-12',69,4),(3044,9,'2025-10-24',69,4),(3045,5,'2025-10-27',69,4),(3046,10,'2025-12-07',69,9),(3047,10,'2025-09-25',69,9),(3048,9,'2025-10-23',69,9),(3049,7,'2025-10-17',69,3),(3050,8,'2025-10-24',69,3),(3051,8,'2025-12-23',69,3),(3052,10,'2025-12-08',69,10),(3053,8,'2026-01-03',69,10),(3054,8,'2025-10-03',69,10),(3055,7,'2025-11-24',69,2),(3056,10,'2025-12-15',69,2),(3057,8,'2025-10-04',69,2),(3058,8,'2025-10-16',69,1),(3059,9,'2025-11-07',69,1),(3060,8,'2025-09-28',69,1),(3061,10,'2025-10-09',77,8),(3062,6,'2025-12-17',77,8),(3063,5,'2025-09-17',77,8),(3064,8,'2025-11-01',77,7),(3065,8,'2025-10-17',77,7),(3066,5,'2025-12-01',77,7),(3067,7,'2025-12-13',77,6),(3068,10,'2025-10-31',77,6),(3069,7,'2025-11-30',77,6),(3070,7,'2025-11-27',77,5),(3071,7,'2026-01-02',77,5),(3072,5,'2025-12-28',77,5),(3073,7,'2025-10-15',77,4),(3074,7,'2026-01-10',77,4),(3075,9,'2025-10-20',77,4),(3076,6,'2025-12-21',77,9),(3077,5,'2025-12-14',77,9),(3078,9,'2026-01-10',77,9),(3079,10,'2025-12-20',77,3),(3080,7,'2025-11-09',77,3),(3081,7,'2025-11-13',77,3),(3082,6,'2025-10-27',77,10),(3083,8,'2025-10-18',77,10),(3084,5,'2025-10-01',77,10),(3085,6,'2025-09-16',77,2),(3086,5,'2026-01-08',77,2),(3087,6,'2025-10-15',77,2),(3088,6,'2025-10-05',77,1),(3089,8,'2025-12-30',77,1),(3090,10,'2025-10-25',77,1),(3091,6,'2025-11-13',85,8),(3092,8,'2025-10-21',85,8),(3093,8,'2025-10-29',85,8),(3094,8,'2025-10-22',85,7),(3095,10,'2025-11-26',85,7),(3096,6,'2025-12-08',85,7),(3097,8,'2026-01-09',85,6),(3098,7,'2025-09-20',85,6),(3099,8,'2025-10-08',85,6),(3100,7,'2025-10-19',85,5),(3101,6,'2025-12-02',85,5),(3102,10,'2025-12-23',85,5),(3103,6,'2026-01-01',85,4),(3104,7,'2025-12-17',85,4),(3105,8,'2025-11-30',85,4),(3106,10,'2025-09-30',85,9),(3107,7,'2025-12-15',85,9),(3108,5,'2025-10-17',85,9),(3109,7,'2025-10-26',85,3),(3110,6,'2025-09-29',85,3),(3111,10,'2025-09-30',85,3),(3112,8,'2025-10-30',85,10),(3113,6,'2026-01-12',85,10),(3114,8,'2025-11-12',85,10),(3115,5,'2025-10-22',85,2),(3116,6,'2025-11-20',85,2),(3117,6,'2025-12-10',85,2),(3118,7,'2025-12-15',85,1),(3119,10,'2026-01-05',85,1),(3120,7,'2026-01-12',85,1),(3121,9,'2025-11-07',93,8),(3122,8,'2025-11-20',93,8),(3123,7,'2025-11-21',93,8),(3124,5,'2025-11-25',93,7),(3125,8,'2025-10-22',93,7),(3126,9,'2025-11-21',93,7),(3127,5,'2025-12-23',93,6),(3128,8,'2025-12-13',93,6),(3129,8,'2025-11-28',93,6),(3130,5,'2025-09-20',93,5),(3131,9,'2025-10-16',93,5),(3132,8,'2025-11-20',93,5),(3133,8,'2025-10-02',93,4),(3134,7,'2025-12-26',93,4),(3135,9,'2026-01-09',93,4),(3136,5,'2025-12-03',93,9),(3137,7,'2025-12-24',93,9),(3138,8,'2026-01-01',93,9),(3139,10,'2025-12-05',93,3),(3140,9,'2025-12-19',93,3),(3141,8,'2025-09-17',93,3),(3142,7,'2025-10-11',93,10),(3143,10,'2026-01-10',93,10),(3144,7,'2025-12-03',93,10),(3145,6,'2025-12-09',93,2),(3146,9,'2025-11-17',93,2),(3147,7,'2025-11-26',93,2),(3148,10,'2025-12-17',93,1),(3149,7,'2025-11-05',93,1),(3150,8,'2025-09-27',93,1),(3151,10,'2025-10-03',101,8),(3152,7,'2025-09-20',101,8),(3153,6,'2025-11-07',101,8),(3154,10,'2025-09-28',101,7),(3155,9,'2025-09-27',101,7),(3156,7,'2026-01-01',101,7),(3157,7,'2025-10-18',101,6),(3158,7,'2025-10-08',101,6),(3159,9,'2025-10-14',101,6),(3160,6,'2025-12-31',101,5),(3161,9,'2025-12-14',101,5),(3162,5,'2025-10-16',101,5),(3163,7,'2025-10-06',101,4),(3164,10,'2025-09-23',101,4),(3165,5,'2025-12-12',101,4),(3166,6,'2025-10-29',101,9),(3167,6,'2025-10-28',101,9),(3168,6,'2025-11-14',101,9),(3169,8,'2025-10-18',101,3),(3170,9,'2025-12-12',101,3),(3171,6,'2025-11-10',101,3),(3172,10,'2025-10-28',101,10),(3173,8,'2025-12-08',101,10),(3174,8,'2025-09-18',101,10),(3175,5,'2025-10-11',101,2),(3176,7,'2026-01-04',101,2),(3177,10,'2025-12-10',101,2),(3178,9,'2025-10-15',101,1),(3179,8,'2025-10-25',101,1),(3180,8,'2025-09-24',101,1),(3181,10,'2025-11-20',109,8),(3182,9,'2025-12-12',109,8),(3183,5,'2025-09-15',109,8),(3184,7,'2025-11-15',109,7),(3185,10,'2025-12-04',109,7),(3186,9,'2025-10-03',109,7),(3187,10,'2026-01-06',109,6),(3188,8,'2025-11-26',109,6),(3189,7,'2025-09-15',109,6),(3190,9,'2025-11-22',109,5),(3191,5,'2025-12-18',109,5),(3192,9,'2025-12-31',109,5),(3193,6,'2025-12-26',109,4),(3194,10,'2025-10-14',109,4),(3195,6,'2026-01-05',109,4),(3196,8,'2025-11-23',109,9),(3197,8,'2025-11-25',109,9),(3198,7,'2025-09-30',109,9),(3199,5,'2025-09-30',109,3),(3200,5,'2025-10-17',109,3),(3201,7,'2026-01-06',109,3),(3202,10,'2025-11-24',109,10),(3203,7,'2025-11-22',109,10),(3204,5,'2025-12-01',109,10),(3205,7,'2025-09-30',109,2),(3206,6,'2025-11-29',109,2),(3207,6,'2025-12-18',109,2),(3208,6,'2025-10-19',109,1),(3209,9,'2025-11-02',109,1),(3210,9,'2025-09-30',109,1),(3211,5,'2025-12-25',117,8),(3212,6,'2025-12-30',117,8),(3213,8,'2025-10-14',117,8),(3214,10,'2025-12-10',117,7),(3215,9,'2025-11-01',117,7),(3216,10,'2025-09-25',117,7),(3217,9,'2025-09-27',117,6),(3218,6,'2025-09-30',117,6),(3219,7,'2025-11-23',117,6),(3220,10,'2025-12-30',117,5),(3221,10,'2025-12-05',117,5),(3222,9,'2025-12-26',117,5),(3223,6,'2025-10-09',117,4),(3224,6,'2025-09-28',117,4),(3225,9,'2025-10-19',117,4),(3226,8,'2025-11-01',117,9),(3227,7,'2026-01-10',117,9),(3228,10,'2025-09-26',117,9),(3229,8,'2026-01-05',117,3),(3230,8,'2025-09-18',117,3),(3231,10,'2025-10-04',117,3),(3232,7,'2025-12-19',117,10),(3233,10,'2025-12-08',117,10),(3234,8,'2025-10-16',117,10),(3235,5,'2025-11-26',117,2),(3236,8,'2025-09-25',117,2),(3237,9,'2025-10-11',117,2),(3238,9,'2025-11-10',117,1),(3239,6,'2026-01-07',117,1),(3240,6,'2025-12-24',117,1),(3241,5,'2025-10-23',4,8),(3242,6,'2025-11-23',4,8),(3243,6,'2025-09-29',4,8),(3244,9,'2025-10-03',4,7),(3245,5,'2025-12-17',4,7),(3246,8,'2025-11-06',4,7),(3247,10,'2025-10-21',4,6),(3248,10,'2025-12-20',4,6),(3249,7,'2025-11-12',4,6),(3250,6,'2025-09-20',4,5),(3251,10,'2025-11-12',4,5),(3252,10,'2025-12-25',4,5),(3253,10,'2025-11-29',4,4),(3254,10,'2025-10-24',4,4),(3255,7,'2025-11-24',4,4),(3256,8,'2025-10-19',4,9),(3257,9,'2025-10-02',4,9),(3258,10,'2025-10-12',4,9),(3259,6,'2025-09-22',4,3),(3260,10,'2025-10-04',4,3),(3261,7,'2025-11-16',4,3),(3262,6,'2025-10-30',4,10),(3263,7,'2025-11-25',4,10),(3264,8,'2026-01-01',4,10),(3265,8,'2025-12-13',4,2),(3266,9,'2025-09-24',4,2),(3267,7,'2025-12-21',4,2),(3268,9,'2025-12-11',4,1),(3269,5,'2025-11-10',4,1),(3270,7,'2025-11-02',4,1),(3271,9,'2025-11-07',12,8),(3272,9,'2025-12-26',12,8),(3273,7,'2025-10-10',12,8),(3274,8,'2025-10-19',12,7),(3275,9,'2025-12-02',12,7),(3276,8,'2025-12-18',12,7),(3277,5,'2025-10-02',12,6),(3278,10,'2025-12-07',12,6),(3279,8,'2025-12-26',12,6),(3280,10,'2026-01-11',12,5),(3281,7,'2025-09-20',12,5),(3282,8,'2025-09-19',12,5),(3283,5,'2025-10-23',12,4),(3284,5,'2025-12-03',12,4),(3285,7,'2025-12-12',12,4),(3286,10,'2025-09-19',12,9),(3287,10,'2025-09-20',12,9),(3288,10,'2025-11-21',12,9),(3289,8,'2025-10-18',12,3),(3290,9,'2025-10-20',12,3),(3291,6,'2025-09-20',12,3),(3292,5,'2025-10-17',12,10),(3293,6,'2025-12-13',12,10),(3294,7,'2025-12-18',12,10),(3295,10,'2025-10-07',12,2),(3296,7,'2025-11-09',12,2),(3297,7,'2025-10-01',12,2),(3298,9,'2025-11-15',12,1),(3299,5,'2025-11-07',12,1),(3300,9,'2025-12-31',12,1),(3301,6,'2025-09-15',20,8),(3302,6,'2025-09-15',20,8),(3303,7,'2025-09-20',20,8),(3304,8,'2025-12-21',20,7),(3305,5,'2025-09-19',20,7),(3306,8,'2025-10-28',20,7),(3307,9,'2025-11-21',20,6),(3308,6,'2025-11-05',20,6),(3309,6,'2025-09-27',20,6),(3310,8,'2025-09-25',20,5),(3311,5,'2025-12-05',20,5),(3312,8,'2025-09-24',20,5),(3313,10,'2025-10-29',20,4),(3314,8,'2025-10-28',20,4),(3315,8,'2025-11-27',20,4),(3316,10,'2025-10-22',20,9),(3317,8,'2025-11-13',20,9),(3318,10,'2025-11-29',20,9),(3319,10,'2025-11-15',20,3),(3320,9,'2025-09-20',20,3),(3321,9,'2025-10-22',20,3),(3322,6,'2025-11-08',20,10),(3323,9,'2025-12-31',20,10),(3324,6,'2025-12-26',20,10),(3325,10,'2025-10-14',20,2),(3326,6,'2025-12-30',20,2),(3327,9,'2025-12-13',20,2),(3328,5,'2025-10-12',20,1),(3329,8,'2025-11-17',20,1),(3330,9,'2025-09-23',20,1),(3331,8,'2025-11-19',28,8),(3332,6,'2025-12-09',28,8),(3333,7,'2025-12-01',28,8),(3334,7,'2026-01-04',28,7),(3335,5,'2025-12-26',28,7),(3336,8,'2025-12-19',28,7),(3337,7,'2025-11-17',28,6),(3338,5,'2025-12-21',28,6),(3339,8,'2025-12-07',28,6),(3340,9,'2025-12-31',28,5),(3341,5,'2025-12-12',28,5),(3342,10,'2025-09-15',28,5),(3343,5,'2025-10-31',28,4),(3344,9,'2025-10-23',28,4),(3345,6,'2025-11-28',28,4),(3346,5,'2026-01-03',28,9),(3347,6,'2025-12-23',28,9),(3348,5,'2025-11-06',28,9),(3349,9,'2025-12-24',28,3),(3350,8,'2026-01-04',28,3),(3351,9,'2025-10-05',28,3),(3352,9,'2025-12-31',28,10),(3353,7,'2025-11-04',28,10),(3354,9,'2026-01-02',28,10),(3355,5,'2025-11-17',28,2),(3356,10,'2025-12-18',28,2),(3357,6,'2025-10-08',28,2),(3358,5,'2025-12-11',28,1),(3359,10,'2025-09-22',28,1),(3360,10,'2025-11-27',28,1),(3361,7,'2025-09-19',36,8),(3362,8,'2025-10-19',36,8),(3363,5,'2025-09-24',36,8),(3364,8,'2026-01-10',36,7),(3365,7,'2025-12-24',36,7),(3366,7,'2025-09-21',36,7),(3367,6,'2025-11-08',36,6),(3368,10,'2025-09-27',36,6),(3369,9,'2026-01-07',36,6),(3370,5,'2025-09-30',36,5),(3371,6,'2026-01-08',36,5),(3372,6,'2025-09-27',36,5),(3373,10,'2025-10-17',36,4),(3374,10,'2025-10-16',36,4),(3375,9,'2025-11-18',36,4),(3376,5,'2025-12-31',36,9),(3377,6,'2025-10-12',36,9),(3378,6,'2025-10-25',36,9),(3379,9,'2025-10-14',36,3),(3380,8,'2025-12-06',36,3),(3381,5,'2025-12-24',36,3),(3382,9,'2025-12-08',36,10),(3383,6,'2025-12-27',36,10),(3384,5,'2025-09-19',36,10),(3385,8,'2026-01-04',36,2),(3386,8,'2025-11-01',36,2),(3387,7,'2025-09-24',36,2),(3388,8,'2025-09-18',36,1),(3389,6,'2025-12-20',36,1),(3390,6,'2025-09-17',36,1),(3391,10,'2025-09-27',44,8),(3392,8,'2025-12-15',44,8),(3393,7,'2025-11-28',44,8),(3394,8,'2025-12-31',44,7),(3395,8,'2025-11-09',44,7),(3396,10,'2025-12-12',44,7),(3397,7,'2025-12-25',44,6),(3398,8,'2025-11-08',44,6),(3399,10,'2025-09-21',44,6),(3400,10,'2025-12-29',44,5),(3401,8,'2025-10-21',44,5),(3402,8,'2025-12-21',44,5),(3403,10,'2025-12-05',44,4),(3404,8,'2025-12-04',44,4),(3405,9,'2025-11-25',44,4),(3406,10,'2025-10-23',44,9),(3407,7,'2025-12-16',44,9),(3408,9,'2025-12-13',44,9),(3409,10,'2025-10-12',44,3),(3410,5,'2025-12-04',44,3),(3411,6,'2025-11-29',44,3),(3412,5,'2026-01-07',44,10),(3413,5,'2025-11-12',44,10),(3414,6,'2025-12-01',44,10),(3415,6,'2026-01-01',44,2),(3416,9,'2025-11-01',44,2),(3417,9,'2025-10-27',44,2),(3418,5,'2025-10-13',44,1),(3419,7,'2025-10-14',44,1),(3420,8,'2025-11-26',44,1),(3421,7,'2025-10-16',52,8),(3422,8,'2025-11-24',52,8),(3423,7,'2025-12-22',52,8),(3424,7,'2025-10-16',52,7),(3425,7,'2025-11-20',52,7),(3426,6,'2025-10-10',52,7),(3427,6,'2025-09-15',52,6),(3428,5,'2025-10-09',52,6),(3429,8,'2025-12-27',52,6),(3430,5,'2025-11-26',52,5),(3431,7,'2025-12-06',52,5),(3432,5,'2025-12-02',52,5),(3433,8,'2025-10-13',52,4),(3434,5,'2025-11-30',52,4),(3435,7,'2025-09-19',52,4),(3436,8,'2026-01-08',52,9),(3437,7,'2026-01-03',52,9),(3438,5,'2025-12-16',52,9),(3439,10,'2025-11-02',52,3),(3440,7,'2025-12-15',52,3),(3441,10,'2025-12-24',52,3),(3442,10,'2025-09-21',52,10),(3443,5,'2025-11-08',52,10),(3444,7,'2025-10-02',52,10),(3445,9,'2025-12-03',52,2),(3446,7,'2025-10-24',52,2),(3447,7,'2025-10-13',52,2),(3448,9,'2025-11-28',52,1),(3449,9,'2025-12-05',52,1),(3450,8,'2025-10-16',52,1),(3451,5,'2026-01-08',60,8),(3452,5,'2026-01-06',60,8),(3453,6,'2025-10-18',60,8),(3454,5,'2025-12-12',60,7),(3455,5,'2025-11-25',60,7),(3456,10,'2025-12-08',60,7),(3457,9,'2025-09-18',60,6),(3458,8,'2025-10-12',60,6),(3459,6,'2025-09-25',60,6),(3460,9,'2025-11-30',60,5),(3461,7,'2025-10-12',60,5),(3462,9,'2025-11-30',60,5),(3463,8,'2025-09-16',60,4),(3464,5,'2025-11-18',60,4),(3465,5,'2025-09-22',60,4),(3466,7,'2025-10-27',60,9),(3467,9,'2025-09-29',60,9),(3468,5,'2025-10-02',60,9),(3469,10,'2025-12-01',60,3),(3470,9,'2026-01-02',60,3),(3471,10,'2025-11-18',60,3),(3472,7,'2026-01-10',60,10),(3473,8,'2025-12-26',60,10),(3474,9,'2025-10-26',60,10),(3475,9,'2026-01-04',60,2),(3476,10,'2025-11-10',60,2),(3477,9,'2025-11-21',60,2),(3478,9,'2025-11-08',60,1),(3479,7,'2025-11-17',60,1),(3480,5,'2026-01-03',60,1),(3481,5,'2025-12-15',68,8),(3482,10,'2025-10-05',68,8),(3483,7,'2025-11-04',68,8),(3484,8,'2025-11-10',68,7),(3485,9,'2025-09-25',68,7),(3486,7,'2025-11-07',68,7),(3487,7,'2025-12-02',68,6),(3488,8,'2025-11-12',68,6),(3489,5,'2025-10-20',68,6),(3490,7,'2025-10-17',68,5),(3491,8,'2025-11-06',68,5),(3492,5,'2026-01-02',68,5),(3493,10,'2025-11-03',68,4),(3494,5,'2025-11-21',68,4),(3495,5,'2026-01-10',68,4),(3496,10,'2025-11-23',68,9),(3497,7,'2025-10-05',68,9),(3498,10,'2025-09-24',68,9),(3499,10,'2026-01-02',68,3),(3500,8,'2025-12-03',68,3),(3501,5,'2025-10-28',68,3),(3502,9,'2025-12-31',68,10),(3503,5,'2025-12-11',68,10),(3504,5,'2025-12-17',68,10),(3505,5,'2025-10-17',68,2),(3506,7,'2025-10-02',68,2),(3507,5,'2025-10-31',68,2),(3508,10,'2026-01-09',68,1),(3509,6,'2025-09-18',68,1),(3510,6,'2025-12-19',68,1),(3511,7,'2026-01-04',76,8),(3512,7,'2025-11-12',76,8),(3513,8,'2025-12-24',76,8),(3514,6,'2025-11-19',76,7),(3515,9,'2025-12-29',76,7),(3516,8,'2025-12-16',76,7),(3517,8,'2025-12-05',76,6),(3518,9,'2026-01-09',76,6),(3519,9,'2025-10-19',76,6),(3520,6,'2025-12-13',76,5),(3521,7,'2025-11-30',76,5),(3522,8,'2025-11-07',76,5),(3523,6,'2025-12-05',76,4),(3524,5,'2026-01-07',76,4),(3525,6,'2026-01-06',76,4),(3526,8,'2025-10-25',76,9),(3527,8,'2026-01-02',76,9),(3528,8,'2025-10-17',76,9),(3529,10,'2025-12-30',76,3),(3530,10,'2025-11-08',76,3),(3531,9,'2025-12-06',76,3),(3532,6,'2025-12-31',76,10),(3533,10,'2025-12-24',76,10),(3534,5,'2026-01-02',76,10),(3535,5,'2025-12-11',76,2),(3536,5,'2025-11-26',76,2),(3537,10,'2025-12-29',76,2),(3538,5,'2025-10-22',76,1),(3539,7,'2025-09-18',76,1),(3540,8,'2025-12-06',76,1),(3541,8,'2025-12-24',84,8),(3542,10,'2025-12-03',84,8),(3543,9,'2025-09-17',84,8),(3544,8,'2025-11-02',84,7),(3545,7,'2025-11-10',84,7),(3546,6,'2025-10-30',84,7),(3547,7,'2026-01-01',84,6),(3548,6,'2025-12-27',84,6),(3549,10,'2025-10-06',84,6),(3550,8,'2025-12-07',84,5),(3551,10,'2025-11-22',84,5),(3552,8,'2025-12-01',84,5),(3553,6,'2025-09-30',84,4),(3554,9,'2025-12-01',84,4),(3555,7,'2025-09-29',84,4),(3556,6,'2025-11-19',84,9),(3557,8,'2025-10-11',84,9),(3558,5,'2025-10-22',84,9),(3559,7,'2026-01-05',84,3),(3560,5,'2026-01-05',84,3),(3561,5,'2025-11-08',84,3),(3562,6,'2025-09-29',84,10),(3563,7,'2025-10-20',84,10),(3564,5,'2025-11-12',84,10),(3565,6,'2025-12-01',84,2),(3566,6,'2025-12-27',84,2),(3567,10,'2025-11-15',84,2),(3568,8,'2026-01-06',84,1),(3569,9,'2025-11-04',84,1),(3570,8,'2025-11-14',84,1),(3571,8,'2025-12-10',92,8),(3572,9,'2025-09-28',92,8),(3573,6,'2025-12-15',92,8),(3574,8,'2025-11-03',92,7),(3575,10,'2026-01-11',92,7),(3576,6,'2026-01-11',92,7),(3577,7,'2025-12-28',92,6),(3578,7,'2025-11-30',92,6),(3579,9,'2025-10-12',92,6),(3580,8,'2025-11-30',92,5),(3581,6,'2025-09-23',92,5),(3582,5,'2025-11-29',92,5),(3583,9,'2025-10-21',92,4),(3584,6,'2025-09-20',92,4),(3585,5,'2025-10-07',92,4),(3586,8,'2025-10-03',92,9),(3587,6,'2025-10-15',92,9),(3588,10,'2025-11-15',92,9),(3589,8,'2025-10-27',92,3),(3590,7,'2025-09-27',92,3),(3591,7,'2025-12-18',92,3),(3592,10,'2025-09-18',92,10),(3593,5,'2025-11-05',92,10),(3594,8,'2026-01-05',92,10),(3595,8,'2025-09-16',92,2),(3596,5,'2025-12-15',92,2),(3597,5,'2025-10-26',92,2),(3598,5,'2025-12-08',92,1),(3599,7,'2025-10-10',92,1),(3600,10,'2025-12-06',92,1),(3601,9,'2025-10-10',100,8),(3602,9,'2025-12-26',100,8),(3603,8,'2025-10-23',100,8),(3604,8,'2025-11-10',100,7),(3605,5,'2025-09-25',100,7),(3606,6,'2025-11-05',100,7),(3607,5,'2025-10-28',100,6),(3608,10,'2025-09-18',100,6),(3609,10,'2025-10-11',100,6),(3610,5,'2026-01-02',100,5),(3611,5,'2025-11-05',100,5),(3612,7,'2026-01-07',100,5),(3613,6,'2025-10-16',100,4),(3614,6,'2025-10-28',100,4),(3615,9,'2025-11-20',100,4),(3616,6,'2025-10-16',100,9),(3617,5,'2026-01-12',100,9),(3618,10,'2025-11-15',100,9),(3619,9,'2025-12-14',100,3),(3620,10,'2025-12-15',100,3),(3621,6,'2025-11-29',100,3),(3622,6,'2025-09-28',100,10),(3623,10,'2025-11-07',100,10),(3624,6,'2025-11-08',100,10),(3625,5,'2025-11-21',100,2),(3626,5,'2025-12-01',100,2),(3627,7,'2025-10-07',100,2),(3628,10,'2025-12-13',100,1),(3629,7,'2025-11-08',100,1),(3630,7,'2025-12-27',100,1),(3631,8,'2025-10-26',108,8),(3632,7,'2025-12-18',108,8),(3633,9,'2026-01-02',108,8),(3634,6,'2025-10-08',108,7),(3635,7,'2025-11-23',108,7),(3636,10,'2025-10-18',108,7),(3637,8,'2025-09-18',108,6),(3638,10,'2025-09-22',108,6),(3639,9,'2025-12-30',108,6),(3640,6,'2025-10-20',108,5),(3641,10,'2025-12-02',108,5),(3642,5,'2025-12-07',108,5),(3643,6,'2025-10-26',108,4),(3644,7,'2025-10-18',108,4),(3645,8,'2025-10-02',108,4),(3646,7,'2025-10-19',108,9),(3647,6,'2025-09-25',108,9),(3648,10,'2025-10-04',108,9),(3649,7,'2025-10-23',108,3),(3650,5,'2025-11-24',108,3),(3651,9,'2025-10-11',108,3),(3652,7,'2026-01-12',108,10),(3653,8,'2025-12-27',108,10),(3654,9,'2025-11-14',108,10),(3655,5,'2025-12-12',108,2),(3656,10,'2025-11-10',108,2),(3657,5,'2025-10-20',108,2),(3658,7,'2025-10-30',108,1),(3659,5,'2025-11-19',108,1),(3660,5,'2026-01-12',108,1),(3661,9,'2026-01-05',116,8),(3662,10,'2025-12-30',116,8),(3663,10,'2025-11-07',116,8),(3664,10,'2025-11-04',116,7),(3665,6,'2025-09-24',116,7),(3666,8,'2025-12-11',116,7),(3667,8,'2025-09-20',116,6),(3668,5,'2025-10-18',116,6),(3669,6,'2026-01-02',116,6),(3670,9,'2025-12-30',116,5),(3671,8,'2025-11-21',116,5),(3672,8,'2025-12-06',116,5),(3673,10,'2025-09-23',116,4),(3674,9,'2025-09-29',116,4),(3675,6,'2025-11-29',116,4),(3676,6,'2025-12-29',116,9),(3677,10,'2025-09-22',116,9),(3678,5,'2025-10-08',116,9),(3679,8,'2025-10-05',116,3),(3680,6,'2025-11-20',116,3),(3681,8,'2025-09-17',116,3),(3682,10,'2025-10-27',116,10),(3683,7,'2025-11-27',116,10),(3684,8,'2025-10-27',116,10),(3685,8,'2025-10-13',116,2),(3686,6,'2025-10-20',116,2),(3687,10,'2025-11-07',116,2),(3688,10,'2025-12-18',116,1),(3689,5,'2026-01-10',116,1),(3690,9,'2025-11-08',116,1),(4096,10,'2026-01-05',131,18),(4097,10,'2026-01-05',131,19),(4098,10,'2026-01-05',131,20),(4099,8,'2025-12-22',131,18),(4100,8,'2025-12-22',131,19),(4101,8,'2025-12-22',131,20),(4102,9,'2025-12-08',131,18),(4103,9,'2025-12-08',131,19),(4104,9,'2025-12-08',131,20),(4105,5,'2026-01-13',131,20),(4106,8,'2026-01-13',10,20),(4107,5,'2026-01-13',10,20);
/*!40000 ALTER TABLE `nota` ENABLE KEYS */;
UNLOCK TABLES;

--
-- Table structure for table `profesor`
--

DROP TABLE IF EXISTS `profesor`;
/*!40101 SET @saved_cs_client     = @@character_set_client */;
/*!50503 SET character_set_client = utf8mb4 */;
CREATE TABLE `profesor` (
  `id` int NOT NULL AUTO_INCREMENT,
  `nume` varchar(100) NOT NULL,
  `email` varchar(100) NOT NULL,
  `parola` varchar(255) NOT NULL,
  PRIMARY KEY (`id`),
  UNIQUE KEY `email` (`email`)
) ENGINE=InnoDB AUTO_INCREMENT=12 DEFAULT CHARSET=utf8mb4 COLLATE=utf8mb4_0900_ai_ci;
/*!40101 SET character_set_client = @saved_cs_client */;

--
-- Dumping data for table `profesor`
--

LOCK TABLES `profesor` WRITE;
/*!40000 ALTER TABLE `profesor` DISABLE KEYS */;
INSERT INTO `profesor` VALUES (1,'Prof. Matei','matei@prof.ro','prof246'),(2,'Prof. Elena','elena@prof.ro','prof123'),(3,'Prof. Andrei Ionescu','ionescu@prof.ro','prof123'),(4,'Prof. Maria Popa','popa@prof.ro','prof123'),(5,'Prof. Vlad Dumitru','dumitru@prof.ro','prof123'),(6,'Prof. Ioana Marin','marin@prof.ro','prof123'),(7,'Prof. Radu Stan','stan@prof.ro','prof123'),(8,'Prof. Elena Radu','radu@prof.ro','prof123'),(9,'Prof. Cristina Enache','enache@prof.ro','prof123'),(10,'Prof. Paul Pavel','pavel@prof.ro','prof123'),(11,'Prof. Test','t@prof.ro','123');
/*!40000 ALTER TABLE `profesor` ENABLE KEYS */;
UNLOCK TABLES;

--
-- Table structure for table `student`
--

DROP TABLE IF EXISTS `student`;
/*!40101 SET @saved_cs_client     = @@character_set_client */;
/*!50503 SET character_set_client = utf8mb4 */;
CREATE TABLE `student` (
  `id` int NOT NULL AUTO_INCREMENT,
  `nume` varchar(100) NOT NULL,
  `email` varchar(100) NOT NULL,
  `parola` varchar(255) NOT NULL,
  `data_nasterii` date DEFAULT NULL,
  `activ` tinyint(1) DEFAULT '1',
  `clasa_id` int DEFAULT NULL,
  PRIMARY KEY (`id`),
  UNIQUE KEY `email` (`email`),
  KEY `idx_student_clasa` (`clasa_id`),
  CONSTRAINT `fk_student_clasa` FOREIGN KEY (`clasa_id`) REFERENCES `clasa` (`id`)
) ENGINE=InnoDB AUTO_INCREMENT=133 DEFAULT CHARSET=utf8mb4 COLLATE=utf8mb4_0900_ai_ci;
/*!40101 SET character_set_client = @saved_cs_client */;

--
-- Dumping data for table `student`
--

LOCK TABLES `student` WRITE;
/*!40000 ALTER TABLE `student` DISABLE KEYS */;
INSERT INTO `student` VALUES (1,'Ana Popescu','ana@student.ro','ana123','2003-05-12',1,7),(2,'Ion Ionescu','ion@student.ro','ion123','2002-11-20',1,7),(3,'Maria Georgescu','maria@student.ro','maria123','2003-02-03',1,7),(4,'Andrei Popescu','s12b01@student.ro','stud123','2007-05-07',1,8),(5,'Maria Ionescu','s12a01@student.ro','stud123','2007-05-07',1,7),(6,'Alexandru Stan','s11b01@student.ro','stud123','2008-05-06',1,6),(7,'Ioana Dumitru','s11a01@student.ro','stud123','2008-05-06',1,5),(8,'Vlad Marin','s10b01@student.ro','stud123','2009-05-07',1,4),(9,'Elena Popa','s10a01@student.ro','stud123','2009-05-07',1,3),(10,'Radu Georgescu','s9b01@student.ro','stud123','2010-05-07',1,2),(11,'Ana Ilie','s9a01@student.ro','stud123','2010-05-07',1,1),(12,'Mihai Dobre','s12b02@student.ro','stud123','2007-05-14',1,8),(13,'Daria Ene','s12a02@student.ro','stud123','2007-05-14',1,7),(14,'Teodor Matei','s11b02@student.ro','stud123','2008-05-13',1,6),(15,'Bianca Tudor','s11a02@student.ro','stud123','2008-05-13',1,5),(16,'David Rusu','s10b02@student.ro','stud123','2009-05-14',1,4),(17,'Sofia Petrescu','s10a02@student.ro','stud123','2009-05-14',1,3),(18,'Rare Nistor','s9b02@student.ro','stud123','2010-05-14',1,2),(19,'Denisa Avram','s9a02@student.ro','stud123','2010-05-14',1,1),(20,'tefan Dragomir','s12b03@student.ro','stud123','2007-05-21',1,8),(21,'Gabriela Oprea','s12a03@student.ro','stud123','2007-05-21',1,7),(22,'Paul Stoica','s11b03@student.ro','stud123','2008-05-20',1,6),(23,'Iulia Barbu','s11a03@student.ro','stud123','2008-05-20',1,5),(24,'Cristian Ciobanu','s10b03@student.ro','stud123','2009-05-21',1,4),(25,'Antonia Neagu','s10a03@student.ro','stud123','2009-05-21',1,3),(26,'Matei Lungu','s9b03@student.ro','stud123','2010-05-21',1,2),(27,'Ilinca Pop','s9a03@student.ro','stud123','2010-05-21',1,1),(28,'Sebastian Florea','s12b04@student.ro','stud123','2007-05-28',1,8),(29,'Larisa Munteanu','s12a04@student.ro','stud123','2007-05-28',1,7),(30,'Eric Dumitrescu','s11b04@student.ro','stud123','2008-05-27',1,6),(31,'Alina Sandu','s11a04@student.ro','stud123','2008-05-27',1,5),(32,'Ctlin Vasile','s10b04@student.ro','stud123','2009-05-28',1,4),(33,'Miruna Pavel','s10a04@student.ro','stud123','2009-05-28',1,3),(34,'Tudor Toma','s9b04@student.ro','stud123','2010-05-28',1,2),(35,'Diana Radu','s9a04@student.ro','stud123','2010-05-28',1,1),(36,'Bogdan Gheorghe','s12b05@student.ro','stud123','2007-06-04',1,8),(37,'Mara Luca','s12a05@student.ro','stud123','2007-06-04',1,7),(38,'Victor Balan','s11b05@student.ro','stud123','2008-06-03',1,6),(39,'Denis Chiriac','s11a05@student.ro','stud123','2008-06-03',1,5),(40,'Ariana Voicu','s10b05@student.ro','stud123','2009-06-04',1,4),(41,'Eduard Iancu','s10a05@student.ro','stud123','2009-06-04',1,3),(42,'Patricia Bucur','s9b05@student.ro','stud123','2010-06-04',1,2),(43,'Florin Serban','s9a05@student.ro','stud123','2010-06-04',1,1),(44,'Rebeca Mirea','s12b06@student.ro','stud123','2007-06-11',1,8),(45,'Robert Damian','s12a06@student.ro','stud123','2007-06-11',1,7),(46,'Alexia Roman','s11b06@student.ro','stud123','2008-06-10',1,6),(47,'Luca Sava','s11a06@student.ro','stud123','2008-06-10',1,5),(48,'Nicoleta Preda','s10b06@student.ro','stud123','2009-06-11',1,4),(49,'Emanuel Stanciu','s10a06@student.ro','stud123','2009-06-11',1,3),(50,'Iris Iliescu','s9b06@student.ro','stud123','2010-06-11',1,2),(51,'Darius Andrei','s9a06@student.ro','stud123','2010-06-11',1,1),(52,'Carla Popescu','s12b07@student.ro','stud123','2007-06-18',1,8),(53,'George Nita','s12a07@student.ro','stud123','2007-06-18',1,7),(54,'Carmen Manea','s11b07@student.ro','stud123','2008-06-17',1,6),(55,'Rares Varga','s11a07@student.ro','stud123','2008-06-17',1,5),(56,'Anastasia David','s10b07@student.ro','stud123','2009-06-18',1,4),(57,'Claudiu Muntean','s10a07@student.ro','stud123','2009-06-18',1,3),(58,'Madalina Mitu','s9b07@student.ro','stud123','2010-06-18',1,2),(59,'Raul Iorga','s9a07@student.ro','stud123','2010-06-18',1,1),(60,'Oana Cristea','s12b08@student.ro','stud123','2007-06-25',1,8),(61,'Filip Costea','s12a08@student.ro','stud123','2007-06-25',1,7),(62,'Sara Botez','s11b08@student.ro','stud123','2008-06-24',1,6),(63,'Ionut Sasu','s11a08@student.ro','stud123','2008-06-24',1,5),(64,'Nicolas Coman','s10b08@student.ro','stud123','2009-06-25',1,4),(65,'Ema Dinu','s10a08@student.ro','stud123','2009-06-25',1,3),(66,'Daria Pana','s9b08@student.ro','stud123','2010-06-25',1,2),(67,'Adrian Cernat','s9a08@student.ro','stud123','2010-06-25',1,1),(68,'Noemi Crisan','s12b09@student.ro','stud123','2007-07-02',1,8),(69,'Cosmin Gherasim','s12a09@student.ro','stud123','2007-07-02',1,7),(70,'Amelia Moraru','s11b09@student.ro','stud123','2008-07-01',1,6),(71,'Daniela Petcu','s11a09@student.ro','stud123','2008-07-01',1,5),(72,'Octavian Serafim','s10b09@student.ro','stud123','2009-07-02',1,4),(73,'Violeta Tomescu','s10a09@student.ro','stud123','2009-07-02',1,3),(74,'Kevin Ionescu','s9b09@student.ro','stud123','2010-07-02',1,2),(75,'Claudia Popa','s9a09@student.ro','stud123','2010-07-02',1,1),(76,'Marc Rusu','s12b10@student.ro','stud123','2007-07-09',1,8),(77,'Aylin Stoian','s12a10@student.ro','stud123','2007-07-09',1,7),(78,'Petru Enache','s11b10@student.ro','stud123','2008-07-08',1,6),(79,'Alexandru Grigore','s11a10@student.ro','stud123','2008-07-08',1,5),(80,'Lorena Suciu','s10b10@student.ro','stud123','2009-07-09',1,4),(81,'Sergiu Pop','s10a10@student.ro','stud123','2009-07-09',1,3),(82,'Tania Toma','s9b10@student.ro','stud123','2010-07-09',1,2),(83,'Damian Barbu','s9a10@student.ro','stud123','2010-07-09',1,1),(84,'Silvia Radu','s12b11@student.ro','stud123','2007-07-16',1,8),(85,'Nectarie Ilie','s12a11@student.ro','stud123','2007-07-16',1,7),(86,'Alessia Dobre','s11b11@student.ro','stud123','2008-07-15',1,6),(87,'Raul Damian','s11a11@student.ro','stud123','2008-07-15',1,5),(88,'Mircea Neagu','s10b11@student.ro','stud123','2009-07-16',1,4),(89,'Emma Pavel','s10a11@student.ro','stud123','2009-07-16',1,3),(90,'Darius Vlad','s9b11@student.ro','stud123','2010-07-16',1,2),(91,'Iasmina Petrescu','s9a11@student.ro','stud123','2010-07-16',1,1),(92,'Calin Avram','s12b12@student.ro','stud123','2007-07-23',1,8),(93,'Bianca Nistor','s12a12@student.ro','stud123','2007-07-23',1,7),(94,'Ionut Dragomir','s11b12@student.ro','stud123','2008-07-22',1,6),(95,'Andreea Oprea','s11a12@student.ro','stud123','2008-07-22',1,5),(96,'Denis Stoica','s10b12@student.ro','stud123','2009-07-23',1,4),(97,'Iulia Barbu','s10a12@student.ro','stud123','2009-07-23',1,3),(98,'Cristina Ciobanu','s9b12@student.ro','stud123','2010-07-23',1,2),(99,'Antonia Neagu','s9a12@student.ro','stud123','2010-07-23',1,1),(100,'Matei Lungu','s12b13@student.ro','stud123','2007-07-30',1,8),(101,'Ilinca Pop','s12a13@student.ro','stud123','2007-07-30',1,7),(102,'Sebastian Florea','s11b13@student.ro','stud123','2008-07-29',1,6),(103,'Larisa Munteanu','s11a13@student.ro','stud123','2008-07-29',1,5),(104,'Eric Dumitrescu','s10b13@student.ro','stud123','2009-07-30',1,4),(105,'Alina Sandu','s10a13@student.ro','stud123','2009-07-30',1,3),(106,'Catalin Vasile','s9b13@student.ro','stud123','2010-07-30',1,2),(107,'Miruna Pavel','s9a13@student.ro','stud123','2010-07-30',1,1),(108,'Tudor Toma','s12b14@student.ro','stud123','2007-08-06',1,8),(109,'Diana Radu','s12a14@student.ro','stud123','2007-08-06',1,7),(110,'Bogdan Gheorghe','s11b14@student.ro','stud123','2008-08-05',1,6),(111,'Mara Luca','s11a14@student.ro','stud123','2008-08-05',1,5),(112,'Victor Balan','s10b14@student.ro','stud123','2009-08-06',1,4),(113,'Denis Chiriac','s10a14@student.ro','stud123','2009-08-06',1,3),(114,'Ariana Voicu','s9b14@student.ro','stud123','2010-08-06',1,2),(115,'Eduard Iancu','s9a14@student.ro','stud123','2010-08-06',1,1),(116,'Patricia Bucur','s12b15@student.ro','stud123','2007-08-13',1,8),(117,'Florin Serban','s12a15@student.ro','stud123','2007-08-13',1,7),(118,'Rebeca Mirea','s11b15@student.ro','stud123','2008-08-12',1,6),(119,'Robert Damian','s11a15@student.ro','stud123','2008-08-12',1,5),(120,'Alexia Roman','s10b15@student.ro','stud123','2009-08-13',1,4),(121,'Luca Sava','s10a15@student.ro','stud123','2009-08-13',1,3),(122,'Nicoleta Preda','s9b15@student.ro','stud123','2010-08-13',1,2),(123,'Emanuel Stanciu','s9a15@student.ro','stud123','2010-08-13',1,1),(131,'Elev Test','t@student.ro','123','2007-05-07',1,7),(132,'Dan Elena','elena@student.ro','','2010-01-13',1,5);
/*!40000 ALTER TABLE `student` ENABLE KEYS */;
UNLOCK TABLES;

--
-- Table structure for table `testare`
--

DROP TABLE IF EXISTS `testare`;
/*!40101 SET @saved_cs_client     = @@character_set_client */;
/*!50503 SET character_set_client = utf8mb4 */;
CREATE TABLE `testare` (
  `id` int NOT NULL AUTO_INCREMENT,
  `clasa_id` int DEFAULT NULL,
  `materie_id` int NOT NULL,
  `data_test` date NOT NULL,
  `tip` varchar(30) NOT NULL,
  `descriere` varchar(255) DEFAULT NULL,
  `created_at` timestamp NULL DEFAULT CURRENT_TIMESTAMP,
  PRIMARY KEY (`id`)
) ENGINE=InnoDB AUTO_INCREMENT=7 DEFAULT CHARSET=utf8mb4 COLLATE=utf8mb4_0900_ai_ci;
/*!40101 SET character_set_client = @saved_cs_client */;

--
-- Dumping data for table `testare`
--

LOCK TABLES `testare` WRITE;
/*!40000 ALTER TABLE `testare` DISABLE KEYS */;
INSERT INTO `testare` VALUES (1,1,18,'2026-01-17','lucrare','Lucrare la gramatic (substantiv, adjectiv)','2026-01-13 01:51:11'),(2,1,5,'2026-01-22','test','Test vocabular + prezent perfect','2026-01-13 01:51:11'),(3,1,6,'2026-01-29','ascultare','Ascultare: micare uniform','2026-01-13 01:51:11'),(4,1,1,'2026-02-05','lucrare','Ecuatii i inecuatii','2026-01-13 01:51:11'),(5,1,18,'2026-02-12','teza','Tez semestrial','2026-01-13 01:51:11'),(6,1,5,'2026-02-19','proiect','Proiect: prezentare (2-3 minute)','2026-01-13 01:51:11');
/*!40000 ALTER TABLE `testare` ENABLE KEYS */;
UNLOCK TABLES;
/*!40103 SET TIME_ZONE=@OLD_TIME_ZONE */;

/*!40101 SET SQL_MODE=@OLD_SQL_MODE */;
/*!40014 SET FOREIGN_KEY_CHECKS=@OLD_FOREIGN_KEY_CHECKS */;
/*!40014 SET UNIQUE_CHECKS=@OLD_UNIQUE_CHECKS */;
/*!40101 SET CHARACTER_SET_CLIENT=@OLD_CHARACTER_SET_CLIENT */;
/*!40101 SET CHARACTER_SET_RESULTS=@OLD_CHARACTER_SET_RESULTS */;
/*!40101 SET COLLATION_CONNECTION=@OLD_COLLATION_CONNECTION */;
/*!40111 SET SQL_NOTES=@OLD_SQL_NOTES */;

-- Dump completed on 2026-01-13 23:44:25
